⠋ preparing local preview...
[2K[1A[2K[G⠙ preparing local preview...
[2K[1A[2K[G⠹ preparing local preview...
[2K[1A[2K[G⠸ preparing local preview...
[2K[1A[2K[G⠼ preparing local preview...
[2K[1A[2K[G⠴ preparing local preview...
[2K[1A[2K[G⠦ preparing local preview...
[2K[1A[2K[G⠧ preparing local preview...
[2K[1A[2K[Gwarning - Error validating OpenAPI file /mint.json: Error: Failed to validate OpenAPI schema:Unknown path: Can’t find supported Swagger/OpenAPI version in specification, version must be a string.
⠧ preparing local preview...
[2K[1A[2K[G⠇ preparing local preview...
[2K[1A[2K[GError generating favicons:  Invalid image buffer
⠇ preparing local preview...
[2K[1A[2K[Gwarning - "POST /events" is referenced in the docs.json navigation but the file does not exist.
⠇ preparing local preview...
[2K[1A[2K[Gwarning - "GET /entities/{type}/{id}" is referenced in the docs.json navigation but the file does not exist.
⠇ preparing local preview...
[2K[1A[2K[Gwarning - "GET /entities/{type}/{id}/timeline" is referenced in the docs.json navigation but the file does not exist.
⠇ preparing local preview...
[2K[1A[2K[Gwarning - "POST /webhook" is referenced in the docs.json navigation but the file does not exist.
⠇ preparing local preview...
[2K[1A[2K[Gwarning - "GET /health" is referenced in the docs.json navigation but the file does not exist.
⠇ preparing local preview...
[2K[1A[2K[Gwarning - "POST /events" is referenced in the mint.json navigation but the file does not exist.
⠇ preparing local preview...
[2K[1A[2K[Gwarning - "GET /entities/{type}/{id}" is referenced in the mint.json navigation but the file does not exist.
⠇ preparing local preview...
[2K[1A[2K[Gwarning - "GET /entities/{type}/{id}/timeline" is referenced in the mint.json navigation but the file does not exist.
⠇ preparing local preview...
[2K[1A[2K[Gwarning - "POST /webhook" is referenced in the mint.json navigation but the file does not exist.
⠇ preparing local preview...
[2K[1A[2K[Gwarning - "GET /health" is referenced in the mint.json navigation but the file does not exist.
⠇ preparing local preview...
[2K[1A[2K[G⠏ preparing local preview...
[2K[1A[2K[Gupdate available - run `mintlify update` to get the latest version

✓ preview ready

  local   → http://localhost:3030
  network → http://192.168.68.54:3030

press ctrl+c to exit the preview

[2K[1A[2K[1A[2K[1A[2K[1A[2K[1A[2K[1A[2K[1A[2K[1A[2K[1A[2K[G
update available - run `mintlify update` to get the latest version

✓ preview ready

  local   → http://localhost:3030
  network → http://192.168.68.54:3030

press ctrl+c to exit the preview

[2K[1A[2K[1A[2K[1A[2K[1A[2K[1A[2K[1A[2K[1A[2K[1A[2K[1A[2K[Gupdate available - run `mintlify update` to get the latest version

✓ preview ready

  local   → http://localhost:3030
  network → http://192.168.68.54:3030

press ctrl+c to exit the preview


! errors
🚨 Invalid mint.json:
#.favicon: This field is required
[2K[1A[2K[1A[2K[1A[2K[1A[2K[1A[2K[1A[2K[1A[2K[1A[2K[1A[2K[1A[2K[1A[2K[1A[2K[1A[2K[Gupdate available - run `mintlify update` to get the latest version

✓ preview ready

  local   → http://localhost:3030
  network → http://192.168.68.54:3030

press ctrl+c to exit the preview


! errors
🚨 Invalid mint.json:
#.favicon: This field is required
🚨 Invalid mint.json:
#.favicon: This field is required
[2K[1A[2K[1A[2K[1A[2K[1A[2K[1A[2K[1A[2K[1A[2K[1A[2K[1A[2K[1A[2K[1A[2K[1A[2K[1A[2K[1A[2K[1A[2K[Gupdate available - run `mintlify update` to get the latest version

✓ preview ready

  local   → http://localhost:3030
  network → http://192.168.68.54:3030

press ctrl+c to exit the preview

[2K[1A[2K[1A[2K[1A[2K[1A[2K[1A[2K[1A[2K[1A[2K[1A[2K[1A[2K[GNo config found
update available - run `mintlify update` to get the latest version

✓ preview ready

  local   → http://localhost:3030
  network → http://192.168.68.54:3030

press ctrl+c to exit the preview

[2K[1A[2K[1A[2K[1A[2K[1A[2K[1A[2K[1A[2K[1A[2K[1A[2K[1A[2K[GNo config found
update available - run `mintlify update` to get the latest version

✓ preview ready

  local   → http://localhost:3030
  network → http://192.168.68.54:3030

press ctrl+c to exit the preview

[2K[1A[2K[1A[2K[1A[2K[1A[2K[1A[2K[1A[2K[1A[2K[1A[2K[1A[2K[GNo config found
update available - run `mintlify update` to get the latest version

✓ preview ready

  local   → http://localhost:3030
  network → http://192.168.68.54:3030

press ctrl+c to exit the preview

[2K[1A[2K[1A[2K[1A[2K[1A[2K[1A[2K[1A[2K[1A[2K[1A[2K[1A[2K[GNo config found
update available - run `mintlify update` to get the latest version

✓ preview ready

  local   → http://localhost:3030
  network → http://192.168.68.54:3030

press ctrl+c to exit the preview

[2K[1A[2K[1A[2K[1A[2K[1A[2K[1A[2K[1A[2K[1A[2K[1A[2K[1A[2K[GNo config found
update available - run `mintlify update` to get the latest version

✓ preview ready

  local   → http://localhost:3030
  network → http://192.168.68.54:3030

press ctrl+c to exit the preview

[2K[1A[2K[1A[2K[1A[2K[1A[2K[1A[2K[1A[2K[1A[2K[1A[2K[1A[2K[GNo config found
update available - run `mintlify update` to get the latest version

✓ preview ready

  local   → http://localhost:3030
  network → http://192.168.68.54:3030

press ctrl+c to exit the preview

[2K[1A[2K[1A[2K[1A[2K[1A[2K[1A[2K[1A[2K[1A[2K[1A[2K[1A[2K[GNo config found
update available - run `mintlify update` to get the latest version

✓ preview ready

  local   → http://localhost:3030
  network → http://192.168.68.54:3030

press ctrl+c to exit the preview

[2K[1A[2K[1A[2K[1A[2K[1A[2K[1A[2K[1A[2K[1A[2K[1A[2K[1A[2K[GNo config found
update available - run `mintlify update` to get the latest version

✓ preview ready

  local   → http://localhost:3030
  network → http://192.168.68.54:3030

press ctrl+c to exit the preview

[2K[1A[2K[1A[2K[1A[2K[1A[2K[1A[2K[1A[2K[1A[2K[1A[2K[1A[2K[GNo config found
update available - run `mintlify update` to get the latest version

✓ preview ready

  local   → http://localhost:3030
  network → http://192.168.68.54:3030

press ctrl+c to exit the preview

[2K[1A[2K[1A[2K[1A[2K[1A[2K[1A[2K[1A[2K[1A[2K[1A[2K[1A[2K[GNo config found
update available - run `mintlify update` to get the latest version

✓ preview ready

  local   → http://localhost:3030
  network → http://192.168.68.54:3030

press ctrl+c to exit the preview

[2K[1A[2K[1A[2K[1A[2K[1A[2K[1A[2K[1A[2K[1A[2K[1A[2K[1A[2K[GNo config found
update available - run `mintlify update` to get the latest version

✓ preview ready

  local   → http://localhost:3030
  network → http://192.168.68.54:3030

press ctrl+c to exit the preview

[2K[1A[2K[1A[2K[1A[2K[1A[2K[1A[2K[1A[2K[1A[2K[1A[2K[1A[2K[GNo config found
update available - run `mintlify update` to get the latest version

✓ preview ready

  local   → http://localhost:3030
  network → http://192.168.68.54:3030

press ctrl+c to exit the preview

[2K[1A[2K[1A[2K[1A[2K[1A[2K[1A[2K[1A[2K[1A[2K[1A[2K[1A[2K[GNo config found
update available - run `mintlify update` to get the latest version

✓ preview ready

  local   → http://localhost:3030
  network → http://192.168.68.54:3030

press ctrl+c to exit the preview

[2K[1A[2K[1A[2K[1A[2K[1A[2K[1A[2K[1A[2K[1A[2K[1A[2K[1A[2K[GNo config found
update available - run `mintlify update` to get the latest version

✓ preview ready

  local   → http://localhost:3030
  network → http://192.168.68.54:3030

press ctrl+c to exit the preview

[2K[1A[2K[1A[2K[1A[2K[1A[2K[1A[2K[1A[2K[1A[2K[1A[2K[1A[2K[Gupdate available - run `mintlify update` to get the latest version

✓ preview ready

  local   → http://localhost:3030
  network → http://192.168.68.54:3030

press ctrl+c to exit the preview

± changes
edited mint.json
[2K[1A[2K[1A[2K[1A[2K[1A[2K[1A[2K[1A[2K[1A[2K[1A[2K[1A[2K[1A[2K[1A[2K[Gupdate available - run `mintlify update` to get the latest version

✓ preview ready

  local   → http://localhost:3030
  network → http://192.168.68.54:3030

press ctrl+c to exit the preview

± changes
edited mint.json
edited guides/quickstart.mdx
[2K[1A[2K[1A[2K[1A[2K[1A[2K[1A[2K[1A[2K[1A[2K[1A[2K[1A[2K[1A[2K[1A[2K[1A[2K[Gupdate available - run `mintlify update` to get the latest version

✓ preview ready

  local   → http://localhost:3030
  network → http://192.168.68.54:3030

press ctrl+c to exit the preview

± changes
edited mint.json
edited guides/quickstart.mdx
edited guides/primitives/event-log.mdx
[2K[1A[2K[1A[2K[1A[2K[1A[2K[1A[2K[1A[2K[1A[2K[1A[2K[1A[2K[1A[2K[1A[2K[1A[2K[1A[2K[Gupdate available - run `mintlify update` to get the latest version

✓ preview ready

  local   → http://localhost:3030
  network → http://192.168.68.54:3030

press ctrl+c to exit the preview

± changes
edited mint.json
edited guides/quickstart.mdx
edited guides/primitives/event-log.mdx
edited guides/primitives/materialized-state.mdx
[2K[1A[2K[1A[2K[1A[2K[1A[2K[1A[2K[1A[2K[1A[2K[1A[2K[1A[2K[1A[2K[1A[2K[1A[2K[1A[2K[1A[2K[Gupdate available - run `mintlify update` to get the latest version

✓ preview ready

  local   → http://localhost:3030
  network → http://192.168.68.54:3030

press ctrl+c to exit the preview

± changes
edited mint.json
edited guides/quickstart.mdx
edited guides/primitives/event-log.mdx
edited guides/primitives/materialized-state.mdx
edited guides/primitives/subscriptions.mdx
[2K[1A[2K[1A[2K[1A[2K[1A[2K[1A[2K[1A[2K[1A[2K[1A[2K[1A[2K[1A[2K[1A[2K[1A[2K[1A[2K[1A[2K[1A[2K[Gupdate available - run `mintlify update` to get the latest version

✓ preview ready

  local   → http://localhost:3030
  network → http://192.168.68.54:3030

press ctrl+c to exit the preview

± changes
edited mint.json
edited guides/quickstart.mdx
edited guides/primitives/event-log.mdx
edited guides/primitives/materialized-state.mdx
edited guides/primitives/subscriptions.mdx
edited guides/primitives/time-travel.mdx
[2K[1A[2K[1A[2K[1A[2K[1A[2K[1A[2K[1A[2K[1A[2K[1A[2K[1A[2K[1A[2K[1A[2K[1A[2K[1A[2K[1A[2K[1A[2K[1A[2K[Gupdate available - run `mintlify update` to get the latest version

✓ preview ready

  local   → http://localhost:3030
  network → http://192.168.68.54:3030

press ctrl+c to exit the preview

± changes
edited mint.json
edited guides/quickstart.mdx
edited guides/primitives/event-log.mdx
edited guides/primitives/materialized-state.mdx
edited guides/primitives/subscriptions.mdx
edited guides/primitives/time-travel.mdx
edited integrations/python-sdk.mdx
[2K[1A[2K[1A[2K[1A[2K[1A[2K[1A[2K[1A[2K[1A[2K[1A[2K[1A[2K[1A[2K[1A[2K[1A[2K[1A[2K[1A[2K[1A[2K[1A[2K[1A[2K[Gupdate available - run `mintlify update` to get the latest version

✓ preview ready

  local   → http://localhost:3030
  network → http://192.168.68.54:3030

press ctrl+c to exit the preview

± changes
edited mint.json
edited guides/quickstart.mdx
edited guides/primitives/event-log.mdx
edited guides/primitives/materialized-state.mdx
edited guides/primitives/subscriptions.mdx
edited guides/primitives/time-travel.mdx
edited integrations/python-sdk.mdx
edited integrations/node-sdk.mdx
[2K[1A[2K[1A[2K[1A[2K[1A[2K[1A[2K[1A[2K[1A[2K[1A[2K[1A[2K[1A[2K[1A[2K[1A[2K[1A[2K[1A[2K[1A[2K[1A[2K[1A[2K[1A[2K[Gupdate available - run `mintlify update` to get the latest version

✓ preview ready

  local   → http://localhost:3030
  network → http://192.168.68.54:3030

press ctrl+c to exit the preview

± changes
edited mint.json
edited guides/quickstart.mdx
edited guides/primitives/event-log.mdx
edited guides/primitives/materialized-state.mdx
edited guides/primitives/subscriptions.mdx
edited guides/primitives/time-travel.mdx
edited integrations/python-sdk.mdx
edited integrations/node-sdk.mdx
edited integrations/langchain.mdx
[2K[1A[2K[1A[2K[1A[2K[1A[2K[1A[2K[1A[2K[1A[2K[1A[2K[1A[2K[1A[2K[1A[2K[1A[2K[1A[2K[1A[2K[1A[2K[1A[2K[1A[2K[1A[2K[1A[2K[Gupdate available - run `mintlify update` to get the latest version

✓ preview ready

  local   → http://localhost:3030
  network → http://192.168.68.54:3030

press ctrl+c to exit the preview

± changes
edited mint.json
edited guides/quickstart.mdx
edited guides/primitives/event-log.mdx
edited guides/primitives/materialized-state.mdx
edited guides/primitives/subscriptions.mdx
edited guides/primitives/time-travel.mdx
edited integrations/python-sdk.mdx
edited integrations/node-sdk.mdx
edited integrations/langchain.mdx
edited api-reference/introduction.mdx
[2K[1A[2K[1A[2K[1A[2K[1A[2K[1A[2K[1A[2K[1A[2K[1A[2K[1A[2K[1A[2K[1A[2K[1A[2K[1A[2K[1A[2K[1A[2K[1A[2K[1A[2K[1A[2K[1A[2K[1A[2K[Gwarning - Error validating OpenAPI file /mint.json: Error: Failed to validate OpenAPI schema:Unknown path: Can’t find supported Swagger/OpenAPI version in specification, version must be a string.
update available - run `mintlify update` to get the latest version

✓ preview ready

  local   → http://localhost:3030
  network → http://192.168.68.54:3030

press ctrl+c to exit the preview

± changes
edited mint.json
edited guides/quickstart.mdx
edited guides/primitives/event-log.mdx
edited guides/primitives/materialized-state.mdx
edited guides/primitives/subscriptions.mdx
edited guides/primitives/time-travel.mdx
edited integrations/python-sdk.mdx
edited integrations/node-sdk.mdx
edited integrations/langchain.mdx
edited api-reference/introduction.mdx
[2K[1A[2K[1A[2K[1A[2K[1A[2K[1A[2K[1A[2K[1A[2K[1A[2K[1A[2K[1A[2K[1A[2K[1A[2K[1A[2K[1A[2K[1A[2K[1A[2K[1A[2K[1A[2K[1A[2K[1A[2K[Gwarning - Error validating OpenAPI file /mint.json: Error: Failed to validate OpenAPI schema:Unknown path: Can’t find supported Swagger/OpenAPI version in specification, version must be a string.
update available - run `mintlify update` to get the latest version

✓ preview ready

  local   → http://localhost:3030
  network → http://192.168.68.54:3030

press ctrl+c to exit the preview

± changes
edited mint.json
edited guides/quickstart.mdx
edited guides/primitives/event-log.mdx
edited guides/primitives/materialized-state.mdx
edited guides/primitives/subscriptions.mdx
edited guides/primitives/time-travel.mdx
edited integrations/python-sdk.mdx
edited integrations/node-sdk.mdx
edited integrations/langchain.mdx
edited api-reference/introduction.mdx
[2K[1A[2K[1A[2K[1A[2K[1A[2K[1A[2K[1A[2K[1A[2K[1A[2K[1A[2K[1A[2K[1A[2K[1A[2K[1A[2K[1A[2K[1A[2K[1A[2K[1A[2K[1A[2K[1A[2K[1A[2K[Gwarning - Error validating OpenAPI file /mint.json: Error: Failed to validate OpenAPI schema:Unknown path: Can’t find supported Swagger/OpenAPI version in specification, version must be a string.
update available - run `mintlify update` to get the latest version

✓ preview ready

  local   → http://localhost:3030
  network → http://192.168.68.54:3030

press ctrl+c to exit the preview

± changes
edited mint.json
edited guides/quickstart.mdx
edited guides/primitives/event-log.mdx
edited guides/primitives/materialized-state.mdx
edited guides/primitives/subscriptions.mdx
edited guides/primitives/time-travel.mdx
edited integrations/python-sdk.mdx
edited integrations/node-sdk.mdx
edited integrations/langchain.mdx
edited api-reference/introduction.mdx
[2K[1A[2K[1A[2K[1A[2K[1A[2K[1A[2K[1A[2K[1A[2K[1A[2K[1A[2K[1A[2K[1A[2K[1A[2K[1A[2K[1A[2K[1A[2K[1A[2K[1A[2K[1A[2K[1A[2K[1A[2K[Gwarning - "POST /events" is referenced in the docs.json navigation but the file does not exist.
update available - run `mintlify update` to get the latest version

✓ preview ready

  local   → http://localhost:3030
  network → http://192.168.68.54:3030

press ctrl+c to exit the preview

± changes
edited mint.json
edited guides/quickstart.mdx
edited guides/primitives/event-log.mdx
edited guides/primitives/materialized-state.mdx
edited guides/primitives/subscriptions.mdx
edited guides/primitives/time-travel.mdx
edited integrations/python-sdk.mdx
edited integrations/node-sdk.mdx
edited integrations/langchain.mdx
edited api-reference/introduction.mdx
[2K[1A[2K[1A[2K[1A[2K[1A[2K[1A[2K[1A[2K[1A[2K[1A[2K[1A[2K[1A[2K[1A[2K[1A[2K[1A[2K[1A[2K[1A[2K[1A[2K[1A[2K[1A[2K[1A[2K[1A[2K[Gwarning - "GET /entities/{type}/{id}" is referenced in the docs.json navigation but the file does not exist.
update available - run `mintlify update` to get the latest version

✓ preview ready

  local   → http://localhost:3030
  network → http://192.168.68.54:3030

press ctrl+c to exit the preview

± changes
edited mint.json
edited guides/quickstart.mdx
edited guides/primitives/event-log.mdx
edited guides/primitives/materialized-state.mdx
edited guides/primitives/subscriptions.mdx
edited guides/primitives/time-travel.mdx
edited integrations/python-sdk.mdx
edited integrations/node-sdk.mdx
edited integrations/langchain.mdx
edited api-reference/introduction.mdx
[2K[1A[2K[1A[2K[1A[2K[1A[2K[1A[2K[1A[2K[1A[2K[1A[2K[1A[2K[1A[2K[1A[2K[1A[2K[1A[2K[1A[2K[1A[2K[1A[2K[1A[2K[1A[2K[1A[2K[1A[2K[Gwarning - "GET /entities/{type}/{id}/timeline" is referenced in the docs.json navigation but the file does not exist.
update available - run `mintlify update` to get the latest version

✓ preview ready

  local   → http://localhost:3030
  network → http://192.168.68.54:3030

press ctrl+c to exit the preview

± changes
edited mint.json
edited guides/quickstart.mdx
edited guides/primitives/event-log.mdx
edited guides/primitives/materialized-state.mdx
edited guides/primitives/subscriptions.mdx
edited guides/primitives/time-travel.mdx
edited integrations/python-sdk.mdx
edited integrations/node-sdk.mdx
edited integrations/langchain.mdx
edited api-reference/introduction.mdx
[2K[1A[2K[1A[2K[1A[2K[1A[2K[1A[2K[1A[2K[1A[2K[1A[2K[1A[2K[1A[2K[1A[2K[1A[2K[1A[2K[1A[2K[1A[2K[1A[2K[1A[2K[1A[2K[1A[2K[1A[2K[Gwarning - "POST /webhook" is referenced in the docs.json navigation but the file does not exist.
update available - run `mintlify update` to get the latest version

✓ preview ready

  local   → http://localhost:3030
  network → http://192.168.68.54:3030

press ctrl+c to exit the preview

± changes
edited mint.json
edited guides/quickstart.mdx
edited guides/primitives/event-log.mdx
edited guides/primitives/materialized-state.mdx
edited guides/primitives/subscriptions.mdx
edited guides/primitives/time-travel.mdx
edited integrations/python-sdk.mdx
edited integrations/node-sdk.mdx
edited integrations/langchain.mdx
edited api-reference/introduction.mdx
[2K[1A[2K[1A[2K[1A[2K[1A[2K[1A[2K[1A[2K[1A[2K[1A[2K[1A[2K[1A[2K[1A[2K[1A[2K[1A[2K[1A[2K[1A[2K[1A[2K[1A[2K[1A[2K[1A[2K[1A[2K[Gwarning - "GET /health" is referenced in the docs.json navigation but the file does not exist.
update available - run `mintlify update` to get the latest version

✓ preview ready

  local   → http://localhost:3030
  network → http://192.168.68.54:3030

press ctrl+c to exit the preview

± changes
edited mint.json
edited guides/quickstart.mdx
edited guides/primitives/event-log.mdx
edited guides/primitives/materialized-state.mdx
edited guides/primitives/subscriptions.mdx
edited guides/primitives/time-travel.mdx
edited integrations/python-sdk.mdx
edited integrations/node-sdk.mdx
edited integrations/langchain.mdx
edited api-reference/introduction.mdx
[2K[1A[2K[1A[2K[1A[2K[1A[2K[1A[2K[1A[2K[1A[2K[1A[2K[1A[2K[1A[2K[1A[2K[1A[2K[1A[2K[1A[2K[1A[2K[1A[2K[1A[2K[1A[2K[1A[2K[1A[2K[Gupdate available - run `mintlify update` to get the latest version

✓ preview ready

  local   → http://localhost:3030
  network → http://192.168.68.54:3030

press ctrl+c to exit the preview

± changes
edited mint.json
edited guides/quickstart.mdx
edited guides/primitives/event-log.mdx
edited guides/primitives/materialized-state.mdx
edited guides/primitives/subscriptions.mdx
edited guides/primitives/time-travel.mdx
edited integrations/python-sdk.mdx
edited integrations/node-sdk.mdx
edited integrations/langchain.mdx
edited api-reference/introduction.mdx
edited mint.json
[2K[1A[2K[1A[2K[1A[2K[1A[2K[1A[2K[1A[2K[1A[2K[1A[2K[1A[2K[1A[2K[1A[2K[1A[2K[1A[2K[1A[2K[1A[2K[1A[2K[1A[2K[1A[2K[1A[2K[1A[2K[1A[2K[Gwarning - Error validating OpenAPI file /mint.json: Error: Failed to validate OpenAPI schema:Unknown path: Can’t find supported Swagger/OpenAPI version in specification, version must be a string.
update available - run `mintlify update` to get the latest version

✓ preview ready

  local   → http://localhost:3030
  network → http://192.168.68.54:3030

press ctrl+c to exit the preview

± changes
edited mint.json
edited guides/quickstart.mdx
edited guides/primitives/event-log.mdx
edited guides/primitives/materialized-state.mdx
edited guides/primitives/subscriptions.mdx
edited guides/primitives/time-travel.mdx
edited integrations/python-sdk.mdx
edited integrations/node-sdk.mdx
edited integrations/langchain.mdx
edited api-reference/introduction.mdx
edited mint.json
[2K[1A[2K[1A[2K[1A[2K[1A[2K[1A[2K[1A[2K[1A[2K[1A[2K[1A[2K[1A[2K[1A[2K[1A[2K[1A[2K[1A[2K[1A[2K[1A[2K[1A[2K[1A[2K[1A[2K[1A[2K[1A[2K[Gwarning - Error validating OpenAPI file /mint.json: Error: Failed to validate OpenAPI schema:Unknown path: Can’t find supported Swagger/OpenAPI version in specification, version must be a string.
update available - run `mintlify update` to get the latest version

✓ preview ready

  local   → http://localhost:3030
  network → http://192.168.68.54:3030

press ctrl+c to exit the preview

± changes
edited mint.json
edited guides/quickstart.mdx
edited guides/primitives/event-log.mdx
edited guides/primitives/materialized-state.mdx
edited guides/primitives/subscriptions.mdx
edited guides/primitives/time-travel.mdx
edited integrations/python-sdk.mdx
edited integrations/node-sdk.mdx
edited integrations/langchain.mdx
edited api-reference/introduction.mdx
edited mint.json
[2K[1A[2K[1A[2K[1A[2K[1A[2K[1A[2K[1A[2K[1A[2K[1A[2K[1A[2K[1A[2K[1A[2K[1A[2K[1A[2K[1A[2K[1A[2K[1A[2K[1A[2K[1A[2K[1A[2K[1A[2K[1A[2K[Gwarning - Error validating OpenAPI file /mint.json: Error: Failed to validate OpenAPI schema:Unknown path: Can’t find supported Swagger/OpenAPI version in specification, version must be a string.
update available - run `mintlify update` to get the latest version

✓ preview ready

  local   → http://localhost:3030
  network → http://192.168.68.54:3030

press ctrl+c to exit the preview

± changes
edited mint.json
edited guides/quickstart.mdx
edited guides/primitives/event-log.mdx
edited guides/primitives/materialized-state.mdx
edited guides/primitives/subscriptions.mdx
edited guides/primitives/time-travel.mdx
edited integrations/python-sdk.mdx
edited integrations/node-sdk.mdx
edited integrations/langchain.mdx
edited api-reference/introduction.mdx
edited mint.json
[2K[1A[2K[1A[2K[1A[2K[1A[2K[1A[2K[1A[2K[1A[2K[1A[2K[1A[2K[1A[2K[1A[2K[1A[2K[1A[2K[1A[2K[1A[2K[1A[2K[1A[2K[1A[2K[1A[2K[1A[2K[1A[2K[Gwarning - "POST /events" is referenced in the docs.json navigation but the file does not exist.
update available - run `mintlify update` to get the latest version

✓ preview ready

  local   → http://localhost:3030
  network → http://192.168.68.54:3030

press ctrl+c to exit the preview

± changes
edited mint.json
edited guides/quickstart.mdx
edited guides/primitives/event-log.mdx
edited guides/primitives/materialized-state.mdx
edited guides/primitives/subscriptions.mdx
edited guides/primitives/time-travel.mdx
edited integrations/python-sdk.mdx
edited integrations/node-sdk.mdx
edited integrations/langchain.mdx
edited api-reference/introduction.mdx
edited mint.json
[2K[1A[2K[1A[2K[1A[2K[1A[2K[1A[2K[1A[2K[1A[2K[1A[2K[1A[2K[1A[2K[1A[2K[1A[2K[1A[2K[1A[2K[1A[2K[1A[2K[1A[2K[1A[2K[1A[2K[1A[2K[1A[2K[Gwarning - "GET /entities/{type}/{id}" is referenced in the docs.json navigation but the file does not exist.
update available - run `mintlify update` to get the latest version

✓ preview ready

  local   → http://localhost:3030
  network → http://192.168.68.54:3030

press ctrl+c to exit the preview

± changes
edited mint.json
edited guides/quickstart.mdx
edited guides/primitives/event-log.mdx
edited guides/primitives/materialized-state.mdx
edited guides/primitives/subscriptions.mdx
edited guides/primitives/time-travel.mdx
edited integrations/python-sdk.mdx
edited integrations/node-sdk.mdx
edited integrations/langchain.mdx
edited api-reference/introduction.mdx
edited mint.json
[2K[1A[2K[1A[2K[1A[2K[1A[2K[1A[2K[1A[2K[1A[2K[1A[2K[1A[2K[1A[2K[1A[2K[1A[2K[1A[2K[1A[2K[1A[2K[1A[2K[1A[2K[1A[2K[1A[2K[1A[2K[1A[2K[Gwarning - "GET /entities/{type}/{id}/timeline" is referenced in the docs.json navigation but the file does not exist.
update available - run `mintlify update` to get the latest version

✓ preview ready

  local   → http://localhost:3030
  network → http://192.168.68.54:3030

press ctrl+c to exit the preview

± changes
edited mint.json
edited guides/quickstart.mdx
edited guides/primitives/event-log.mdx
edited guides/primitives/materialized-state.mdx
edited guides/primitives/subscriptions.mdx
edited guides/primitives/time-travel.mdx
edited integrations/python-sdk.mdx
edited integrations/node-sdk.mdx
edited integrations/langchain.mdx
edited api-reference/introduction.mdx
edited mint.json
[2K[1A[2K[1A[2K[1A[2K[1A[2K[1A[2K[1A[2K[1A[2K[1A[2K[1A[2K[1A[2K[1A[2K[1A[2K[1A[2K[1A[2K[1A[2K[1A[2K[1A[2K[1A[2K[1A[2K[1A[2K[1A[2K[Gwarning - "POST /webhook" is referenced in the docs.json navigation but the file does not exist.
update available - run `mintlify update` to get the latest version

✓ preview ready

  local   → http://localhost:3030
  network → http://192.168.68.54:3030

press ctrl+c to exit the preview

± changes
edited mint.json
edited guides/quickstart.mdx
edited guides/primitives/event-log.mdx
edited guides/primitives/materialized-state.mdx
edited guides/primitives/subscriptions.mdx
edited guides/primitives/time-travel.mdx
edited integrations/python-sdk.mdx
edited integrations/node-sdk.mdx
edited integrations/langchain.mdx
edited api-reference/introduction.mdx
edited mint.json
[2K[1A[2K[1A[2K[1A[2K[1A[2K[1A[2K[1A[2K[1A[2K[1A[2K[1A[2K[1A[2K[1A[2K[1A[2K[1A[2K[1A[2K[1A[2K[1A[2K[1A[2K[1A[2K[1A[2K[1A[2K[1A[2K[Gwarning - "GET /health" is referenced in the docs.json navigation but the file does not exist.
update available - run `mintlify update` to get the latest version

✓ preview ready

  local   → http://localhost:3030
  network → http://192.168.68.54:3030

press ctrl+c to exit the preview

± changes
edited mint.json
edited guides/quickstart.mdx
edited guides/primitives/event-log.mdx
edited guides/primitives/materialized-state.mdx
edited guides/primitives/subscriptions.mdx
edited guides/primitives/time-travel.mdx
edited integrations/python-sdk.mdx
edited integrations/node-sdk.mdx
edited integrations/langchain.mdx
edited api-reference/introduction.mdx
edited mint.json
[2K[1A[2K[1A[2K[1A[2K[1A[2K[1A[2K[1A[2K[1A[2K[1A[2K[1A[2K[1A[2K[1A[2K[1A[2K[1A[2K[1A[2K[1A[2K[1A[2K[1A[2K[1A[2K[1A[2K[1A[2K[1A[2K[Gupdate available - run `mintlify update` to get the latest version

✓ preview ready

  local   → http://localhost:3030
  network → http://192.168.68.54:3030

press ctrl+c to exit the preview

± changes
edited mint.json
edited guides/quickstart.mdx
edited guides/primitives/event-log.mdx
edited guides/primitives/materialized-state.mdx
edited guides/primitives/subscriptions.mdx
edited guides/primitives/time-travel.mdx
edited integrations/python-sdk.mdx
edited integrations/node-sdk.mdx
edited integrations/langchain.mdx
edited api-reference/introduction.mdx
edited mint.json
edited openapi.yaml
[2K[1A[2K[1A[2K[1A[2K[1A[2K[1A[2K[1A[2K[1A[2K[1A[2K[1A[2K[1A[2K[1A[2K[1A[2K[1A[2K[1A[2K[1A[2K[1A[2K[1A[2K[1A[2K[1A[2K[1A[2K[1A[2K[1A[2K[Gwarning - Error validating OpenAPI file /mint.json: Error: Failed to validate OpenAPI schema:Unknown path: Can’t find supported Swagger/OpenAPI version in specification, version must be a string.
update available - run `mintlify update` to get the latest version

✓ preview ready

  local   → http://localhost:3030
  network → http://192.168.68.54:3030

press ctrl+c to exit the preview

± changes
edited mint.json
edited guides/quickstart.mdx
edited guides/primitives/event-log.mdx
edited guides/primitives/materialized-state.mdx
edited guides/primitives/subscriptions.mdx
edited guides/primitives/time-travel.mdx
edited integrations/python-sdk.mdx
edited integrations/node-sdk.mdx
edited integrations/langchain.mdx
edited api-reference/introduction.mdx
edited mint.json
edited openapi.yaml
[2K[1A[2K[1A[2K[1A[2K[1A[2K[1A[2K[1A[2K[1A[2K[1A[2K[1A[2K[1A[2K[1A[2K[1A[2K[1A[2K[1A[2K[1A[2K[1A[2K[1A[2K[1A[2K[1A[2K[1A[2K[1A[2K[1A[2K[G ⨯ Error: No docs config
    at m (.next/server/chunks/358.js:1:17951) {
  digest: '226225985'
}
update available - run `mintlify update` to get the latest version

✓ preview ready

  local   → http://localhost:3030
  network → http://192.168.68.54:3030

press ctrl+c to exit the preview

± changes
edited mint.json
edited guides/quickstart.mdx
edited guides/primitives/event-log.mdx
edited guides/primitives/materialized-state.mdx
edited guides/primitives/subscriptions.mdx
edited guides/primitives/time-travel.mdx
edited integrations/python-sdk.mdx
edited integrations/node-sdk.mdx
edited integrations/langchain.mdx
edited api-reference/introduction.mdx
edited mint.json
edited openapi.yaml
[2K[1A[2K[1A[2K[1A[2K[1A[2K[1A[2K[1A[2K[1A[2K[1A[2K[1A[2K[1A[2K[1A[2K[1A[2K[1A[2K[1A[2K[1A[2K[1A[2K[1A[2K[1A[2K[1A[2K[1A[2K[1A[2K[1A[2K[Gwarning - Error validating OpenAPI file /mint.json: Error: Failed to validate OpenAPI schema:Unknown path: Can’t find supported Swagger/OpenAPI version in specification, version must be a string.
update available - run `mintlify update` to get the latest version

✓ preview ready

  local   → http://localhost:3030
  network → http://192.168.68.54:3030

press ctrl+c to exit the preview

± changes
edited mint.json
edited guides/quickstart.mdx
edited guides/primitives/event-log.mdx
edited guides/primitives/materialized-state.mdx
edited guides/primitives/subscriptions.mdx
edited guides/primitives/time-travel.mdx
edited integrations/python-sdk.mdx
edited integrations/node-sdk.mdx
edited integrations/langchain.mdx
edited api-reference/introduction.mdx
edited mint.json
edited openapi.yaml
[2K[1A[2K[1A[2K[1A[2K[1A[2K[1A[2K[1A[2K[1A[2K[1A[2K[1A[2K[1A[2K[1A[2K[1A[2K[1A[2K[1A[2K[1A[2K[1A[2K[1A[2K[1A[2K[1A[2K[1A[2K[1A[2K[1A[2K[Gwarning - Error validating OpenAPI file /mint.json: Error: Failed to validate OpenAPI schema:Unknown path: Can’t find supported Swagger/OpenAPI version in specification, version must be a string.
update available - run `mintlify update` to get the latest version

✓ preview ready

  local   → http://localhost:3030
  network → http://192.168.68.54:3030

press ctrl+c to exit the preview

± changes
edited mint.json
edited guides/quickstart.mdx
edited guides/primitives/event-log.mdx
edited guides/primitives/materialized-state.mdx
edited guides/primitives/subscriptions.mdx
edited guides/primitives/time-travel.mdx
edited integrations/python-sdk.mdx
edited integrations/node-sdk.mdx
edited integrations/langchain.mdx
edited api-reference/introduction.mdx
edited mint.json
edited openapi.yaml
[2K[1A[2K[1A[2K[1A[2K[1A[2K[1A[2K[1A[2K[1A[2K[1A[2K[1A[2K[1A[2K[1A[2K[1A[2K[1A[2K[1A[2K[1A[2K[1A[2K[1A[2K[1A[2K[1A[2K[1A[2K[1A[2K[1A[2K[Gwarning - "GET /health" is referenced in the docs.json navigation but the file does not exist.
update available - run `mintlify update` to get the latest version

✓ preview ready

  local   → http://localhost:3030
  network → http://192.168.68.54:3030

press ctrl+c to exit the preview

± changes
edited mint.json
edited guides/quickstart.mdx
edited guides/primitives/event-log.mdx
edited guides/primitives/materialized-state.mdx
edited guides/primitives/subscriptions.mdx
edited guides/primitives/time-travel.mdx
edited integrations/python-sdk.mdx
edited integrations/node-sdk.mdx
edited integrations/langchain.mdx
edited api-reference/introduction.mdx
edited mint.json
edited openapi.yaml
[2K[1A[2K[1A[2K[1A[2K[1A[2K[1A[2K[1A[2K[1A[2K[1A[2K[1A[2K[1A[2K[1A[2K[1A[2K[1A[2K[1A[2K[1A[2K[1A[2K[1A[2K[1A[2K[1A[2K[1A[2K[1A[2K[1A[2K[Gwarning - "POST /events" is referenced in the docs.json navigation but the file does not exist.
update available - run `mintlify update` to get the latest version

✓ preview ready

  local   → http://localhost:3030
  network → http://192.168.68.54:3030

press ctrl+c to exit the preview

± changes
edited mint.json
edited guides/quickstart.mdx
edited guides/primitives/event-log.mdx
edited guides/primitives/materialized-state.mdx
edited guides/primitives/subscriptions.mdx
edited guides/primitives/time-travel.mdx
edited integrations/python-sdk.mdx
edited integrations/node-sdk.mdx
edited integrations/langchain.mdx
edited api-reference/introduction.mdx
edited mint.json
edited openapi.yaml
[2K[1A[2K[1A[2K[1A[2K[1A[2K[1A[2K[1A[2K[1A[2K[1A[2K[1A[2K[1A[2K[1A[2K[1A[2K[1A[2K[1A[2K[1A[2K[1A[2K[1A[2K[1A[2K[1A[2K[1A[2K[1A[2K[1A[2K[Gwarning - "GET /events" is referenced in the docs.json navigation but the file does not exist.
update available - run `mintlify update` to get the latest version

✓ preview ready

  local   → http://localhost:3030
  network → http://192.168.68.54:3030

press ctrl+c to exit the preview

± changes
edited mint.json
edited guides/quickstart.mdx
edited guides/primitives/event-log.mdx
edited guides/primitives/materialized-state.mdx
edited guides/primitives/subscriptions.mdx
edited guides/primitives/time-travel.mdx
edited integrations/python-sdk.mdx
edited integrations/node-sdk.mdx
edited integrations/langchain.mdx
edited api-reference/introduction.mdx
edited mint.json
edited openapi.yaml
[2K[1A[2K[1A[2K[1A[2K[1A[2K[1A[2K[1A[2K[1A[2K[1A[2K[1A[2K[1A[2K[1A[2K[1A[2K[1A[2K[1A[2K[1A[2K[1A[2K[1A[2K[1A[2K[1A[2K[1A[2K[1A[2K[1A[2K[Gwarning - "GET /state/{entity_type}/{entity_id}" is referenced in the docs.json navigation but the file does not exist.
update available - run `mintlify update` to get the latest version

✓ preview ready

  local   → http://localhost:3030
  network → http://192.168.68.54:3030

press ctrl+c to exit the preview

± changes
edited mint.json
edited guides/quickstart.mdx
edited guides/primitives/event-log.mdx
edited guides/primitives/materialized-state.mdx
edited guides/primitives/subscriptions.mdx
edited guides/primitives/time-travel.mdx
edited integrations/python-sdk.mdx
edited integrations/node-sdk.mdx
edited integrations/langchain.mdx
edited api-reference/introduction.mdx
edited mint.json
edited openapi.yaml
[2K[1A[2K[1A[2K[1A[2K[1A[2K[1A[2K[1A[2K[1A[2K[1A[2K[1A[2K[1A[2K[1A[2K[1A[2K[1A[2K[1A[2K[1A[2K[1A[2K[1A[2K[1A[2K[1A[2K[1A[2K[1A[2K[1A[2K[Gwarning - "GET /state/{entity_type}/{entity_id}/at" is referenced in the docs.json navigation but the file does not exist.
update available - run `mintlify update` to get the latest version

✓ preview ready

  local   → http://localhost:3030
  network → http://192.168.68.54:3030

press ctrl+c to exit the preview

± changes
edited mint.json
edited guides/quickstart.mdx
edited guides/primitives/event-log.mdx
edited guides/primitives/materialized-state.mdx
edited guides/primitives/subscriptions.mdx
edited guides/primitives/time-travel.mdx
edited integrations/python-sdk.mdx
edited integrations/node-sdk.mdx
edited integrations/langchain.mdx
edited api-reference/introduction.mdx
edited mint.json
edited openapi.yaml
[2K[1A[2K[1A[2K[1A[2K[1A[2K[1A[2K[1A[2K[1A[2K[1A[2K[1A[2K[1A[2K[1A[2K[1A[2K[1A[2K[1A[2K[1A[2K[1A[2K[1A[2K[1A[2K[1A[2K[1A[2K[1A[2K[1A[2K[Gwarning - "POST /subscriptions" is referenced in the docs.json navigation but the file does not exist.
update available - run `mintlify update` to get the latest version

✓ preview ready

  local   → http://localhost:3030
  network → http://192.168.68.54:3030

press ctrl+c to exit the preview

± changes
edited mint.json
edited guides/quickstart.mdx
edited guides/primitives/event-log.mdx
edited guides/primitives/materialized-state.mdx
edited guides/primitives/subscriptions.mdx
edited guides/primitives/time-travel.mdx
edited integrations/python-sdk.mdx
edited integrations/node-sdk.mdx
edited integrations/langchain.mdx
edited api-reference/introduction.mdx
edited mint.json
edited openapi.yaml
[2K[1A[2K[1A[2K[1A[2K[1A[2K[1A[2K[1A[2K[1A[2K[1A[2K[1A[2K[1A[2K[1A[2K[1A[2K[1A[2K[1A[2K[1A[2K[1A[2K[1A[2K[1A[2K[1A[2K[1A[2K[1A[2K[1A[2K[Gwarning - "GET /subscriptions/{subscription_id}" is referenced in the docs.json navigation but the file does not exist.
update available - run `mintlify update` to get the latest version

✓ preview ready

  local   → http://localhost:3030
  network → http://192.168.68.54:3030

press ctrl+c to exit the preview

± changes
edited mint.json
edited guides/quickstart.mdx
edited guides/primitives/event-log.mdx
edited guides/primitives/materialized-state.mdx
edited guides/primitives/subscriptions.mdx
edited guides/primitives/time-travel.mdx
edited integrations/python-sdk.mdx
edited integrations/node-sdk.mdx
edited integrations/langchain.mdx
edited api-reference/introduction.mdx
edited mint.json
edited openapi.yaml
[2K[1A[2K[1A[2K[1A[2K[1A[2K[1A[2K[1A[2K[1A[2K[1A[2K[1A[2K[1A[2K[1A[2K[1A[2K[1A[2K[1A[2K[1A[2K[1A[2K[1A[2K[1A[2K[1A[2K[1A[2K[1A[2K[1A[2K[Gwarning - "POST /subscriptions/{subscription_id}/pause" is referenced in the docs.json navigation but the file does not exist.
update available - run `mintlify update` to get the latest version

✓ preview ready

  local   → http://localhost:3030
  network → http://192.168.68.54:3030

press ctrl+c to exit the preview

± changes
edited mint.json
edited guides/quickstart.mdx
edited guides/primitives/event-log.mdx
edited guides/primitives/materialized-state.mdx
edited guides/primitives/subscriptions.mdx
edited guides/primitives/time-travel.mdx
edited integrations/python-sdk.mdx
edited integrations/node-sdk.mdx
edited integrations/langchain.mdx
edited api-reference/introduction.mdx
edited mint.json
edited openapi.yaml
[2K[1A[2K[1A[2K[1A[2K[1A[2K[1A[2K[1A[2K[1A[2K[1A[2K[1A[2K[1A[2K[1A[2K[1A[2K[1A[2K[1A[2K[1A[2K[1A[2K[1A[2K[1A[2K[1A[2K[1A[2K[1A[2K[1A[2K[Gwarning - "POST /subscriptions/{subscription_id}/resume" is referenced in the docs.json navigation but the file does not exist.
update available - run `mintlify update` to get the latest version

✓ preview ready

  local   → http://localhost:3030
  network → http://192.168.68.54:3030

press ctrl+c to exit the preview

± changes
edited mint.json
edited guides/quickstart.mdx
edited guides/primitives/event-log.mdx
edited guides/primitives/materialized-state.mdx
edited guides/primitives/subscriptions.mdx
edited guides/primitives/time-travel.mdx
edited integrations/python-sdk.mdx
edited integrations/node-sdk.mdx
edited integrations/langchain.mdx
edited api-reference/introduction.mdx
edited mint.json
edited openapi.yaml
[2K[1A[2K[1A[2K[1A[2K[1A[2K[1A[2K[1A[2K[1A[2K[1A[2K[1A[2K[1A[2K[1A[2K[1A[2K[1A[2K[1A[2K[1A[2K[1A[2K[1A[2K[1A[2K[1A[2K[1A[2K[1A[2K[1A[2K[Gwarning - "GET /delivery-trace/{subscription_id}" is referenced in the docs.json navigation but the file does not exist.
update available - run `mintlify update` to get the latest version

✓ preview ready

  local   → http://localhost:3030
  network → http://192.168.68.54:3030

press ctrl+c to exit the preview

± changes
edited mint.json
edited guides/quickstart.mdx
edited guides/primitives/event-log.mdx
edited guides/primitives/materialized-state.mdx
edited guides/primitives/subscriptions.mdx
edited guides/primitives/time-travel.mdx
edited integrations/python-sdk.mdx
edited integrations/node-sdk.mdx
edited integrations/langchain.mdx
edited api-reference/introduction.mdx
edited mint.json
edited openapi.yaml
[2K[1A[2K[1A[2K[1A[2K[1A[2K[1A[2K[1A[2K[1A[2K[1A[2K[1A[2K[1A[2K[1A[2K[1A[2K[1A[2K[1A[2K[1A[2K[1A[2K[1A[2K[1A[2K[1A[2K[1A[2K[1A[2K[1A[2K[Gwarning - "POST /replay" is referenced in the docs.json navigation but the file does not exist.
update available - run `mintlify update` to get the latest version

✓ preview ready

  local   → http://localhost:3030
  network → http://192.168.68.54:3030

press ctrl+c to exit the preview

± changes
edited mint.json
edited guides/quickstart.mdx
edited guides/primitives/event-log.mdx
edited guides/primitives/materialized-state.mdx
edited guides/primitives/subscriptions.mdx
edited guides/primitives/time-travel.mdx
edited integrations/python-sdk.mdx
edited integrations/node-sdk.mdx
edited integrations/langchain.mdx
edited api-reference/introduction.mdx
edited mint.json
edited openapi.yaml
[2K[1A[2K[1A[2K[1A[2K[1A[2K[1A[2K[1A[2K[1A[2K[1A[2K[1A[2K[1A[2K[1A[2K[1A[2K[1A[2K[1A[2K[1A[2K[1A[2K[1A[2K[1A[2K[1A[2K[1A[2K[1A[2K[1A[2K[Gwarning - "GET /analytics/account-daily" is referenced in the docs.json navigation but the file does not exist.
update available - run `mintlify update` to get the latest version

✓ preview ready

  local   → http://localhost:3030
  network → http://192.168.68.54:3030

press ctrl+c to exit the preview

± changes
edited mint.json
edited guides/quickstart.mdx
edited guides/primitives/event-log.mdx
edited guides/primitives/materialized-state.mdx
edited guides/primitives/subscriptions.mdx
edited guides/primitives/time-travel.mdx
edited integrations/python-sdk.mdx
edited integrations/node-sdk.mdx
edited integrations/langchain.mdx
edited api-reference/introduction.mdx
edited mint.json
edited openapi.yaml
[2K[1A[2K[1A[2K[1A[2K[1A[2K[1A[2K[1A[2K[1A[2K[1A[2K[1A[2K[1A[2K[1A[2K[1A[2K[1A[2K[1A[2K[1A[2K[1A[2K[1A[2K[1A[2K[1A[2K[1A[2K[1A[2K[1A[2K[Gupdate available - run `mintlify update` to get the latest version

✓ preview ready

  local   → http://localhost:3030
  network → http://192.168.68.54:3030

press ctrl+c to exit the preview

± changes
edited mint.json
edited guides/quickstart.mdx
edited guides/primitives/event-log.mdx
edited guides/primitives/materialized-state.mdx
edited guides/primitives/subscriptions.mdx
edited guides/primitives/time-travel.mdx
edited integrations/python-sdk.mdx
edited integrations/node-sdk.mdx
edited integrations/langchain.mdx
edited api-reference/introduction.mdx
edited mint.json
edited openapi.yaml
edited mint.json
[2K[1A[2K[1A[2K[1A[2K[1A[2K[1A[2K[1A[2K[1A[2K[1A[2K[1A[2K[1A[2K[1A[2K[1A[2K[1A[2K[1A[2K[1A[2K[1A[2K[1A[2K[1A[2K[1A[2K[1A[2K[1A[2K[1A[2K[1A[2K[Gupdate available - run `mintlify update` to get the latest version

✓ preview ready

  local   → http://localhost:3030
  network → http://192.168.68.54:3030

press ctrl+c to exit the preview

± changes
edited mint.json
edited guides/quickstart.mdx
edited guides/primitives/event-log.mdx
edited guides/primitives/materialized-state.mdx
edited guides/primitives/subscriptions.mdx
edited guides/primitives/time-travel.mdx
edited integrations/python-sdk.mdx
edited integrations/node-sdk.mdx
edited integrations/langchain.mdx
edited api-reference/introduction.mdx
edited mint.json
edited openapi.yaml
edited mint.json
edited api-reference/endpoints/get-health.mdx
[2K[1A[2K[1A[2K[1A[2K[1A[2K[1A[2K[1A[2K[1A[2K[1A[2K[1A[2K[1A[2K[1A[2K[1A[2K[1A[2K[1A[2K[1A[2K[1A[2K[1A[2K[1A[2K[1A[2K[1A[2K[1A[2K[1A[2K[1A[2K[1A[2K[Gwarning - Error validating OpenAPI file /mint.json: Error: Failed to validate OpenAPI schema:Unknown path: Can’t find supported Swagger/OpenAPI version in specification, version must be a string.
update available - run `mintlify update` to get the latest version

✓ preview ready

  local   → http://localhost:3030
  network → http://192.168.68.54:3030

press ctrl+c to exit the preview

± changes
edited mint.json
edited guides/quickstart.mdx
edited guides/primitives/event-log.mdx
edited guides/primitives/materialized-state.mdx
edited guides/primitives/subscriptions.mdx
edited guides/primitives/time-travel.mdx
edited integrations/python-sdk.mdx
edited integrations/node-sdk.mdx
edited integrations/langchain.mdx
edited api-reference/introduction.mdx
edited mint.json
edited openapi.yaml
edited mint.json
edited api-reference/endpoints/get-health.mdx
[2K[1A[2K[1A[2K[1A[2K[1A[2K[1A[2K[1A[2K[1A[2K[1A[2K[1A[2K[1A[2K[1A[2K[1A[2K[1A[2K[1A[2K[1A[2K[1A[2K[1A[2K[1A[2K[1A[2K[1A[2K[1A[2K[1A[2K[1A[2K[1A[2K[Gwarning - Error validating OpenAPI file /mint.json: Error: Failed to validate OpenAPI schema:Unknown path: Can’t find supported Swagger/OpenAPI version in specification, version must be a string.
update available - run `mintlify update` to get the latest version

✓ preview ready

  local   → http://localhost:3030
  network → http://192.168.68.54:3030

press ctrl+c to exit the preview

± changes
edited mint.json
edited guides/quickstart.mdx
edited guides/primitives/event-log.mdx
edited guides/primitives/materialized-state.mdx
edited guides/primitives/subscriptions.mdx
edited guides/primitives/time-travel.mdx
edited integrations/python-sdk.mdx
edited integrations/node-sdk.mdx
edited integrations/langchain.mdx
edited api-reference/introduction.mdx
edited mint.json
edited openapi.yaml
edited mint.json
edited api-reference/endpoints/get-health.mdx
[2K[1A[2K[1A[2K[1A[2K[1A[2K[1A[2K[1A[2K[1A[2K[1A[2K[1A[2K[1A[2K[1A[2K[1A[2K[1A[2K[1A[2K[1A[2K[1A[2K[1A[2K[1A[2K[1A[2K[1A[2K[1A[2K[1A[2K[1A[2K[1A[2K[Gwarning - "GET /health" is referenced in the docs.json navigation but the file does not exist.
update available - run `mintlify update` to get the latest version

✓ preview ready

  local   → http://localhost:3030
  network → http://192.168.68.54:3030

press ctrl+c to exit the preview

± changes
edited mint.json
edited guides/quickstart.mdx
edited guides/primitives/event-log.mdx
edited guides/primitives/materialized-state.mdx
edited guides/primitives/subscriptions.mdx
edited guides/primitives/time-travel.mdx
edited integrations/python-sdk.mdx
edited integrations/node-sdk.mdx
edited integrations/langchain.mdx
edited api-reference/introduction.mdx
edited mint.json
edited openapi.yaml
edited mint.json
edited api-reference/endpoints/get-health.mdx
[2K[1A[2K[1A[2K[1A[2K[1A[2K[1A[2K[1A[2K[1A[2K[1A[2K[1A[2K[1A[2K[1A[2K[1A[2K[1A[2K[1A[2K[1A[2K[1A[2K[1A[2K[1A[2K[1A[2K[1A[2K[1A[2K[1A[2K[1A[2K[1A[2K[Gwarning - "POST /events" is referenced in the docs.json navigation but the file does not exist.
update available - run `mintlify update` to get the latest version

✓ preview ready

  local   → http://localhost:3030
  network → http://192.168.68.54:3030

press ctrl+c to exit the preview

± changes
edited mint.json
edited guides/quickstart.mdx
edited guides/primitives/event-log.mdx
edited guides/primitives/materialized-state.mdx
edited guides/primitives/subscriptions.mdx
edited guides/primitives/time-travel.mdx
edited integrations/python-sdk.mdx
edited integrations/node-sdk.mdx
edited integrations/langchain.mdx
edited api-reference/introduction.mdx
edited mint.json
edited openapi.yaml
edited mint.json
edited api-reference/endpoints/get-health.mdx
[2K[1A[2K[1A[2K[1A[2K[1A[2K[1A[2K[1A[2K[1A[2K[1A[2K[1A[2K[1A[2K[1A[2K[1A[2K[1A[2K[1A[2K[1A[2K[1A[2K[1A[2K[1A[2K[1A[2K[1A[2K[1A[2K[1A[2K[1A[2K[1A[2K[Gwarning - "GET /events" is referenced in the docs.json navigation but the file does not exist.
update available - run `mintlify update` to get the latest version

✓ preview ready

  local   → http://localhost:3030
  network → http://192.168.68.54:3030

press ctrl+c to exit the preview

± changes
edited mint.json
edited guides/quickstart.mdx
edited guides/primitives/event-log.mdx
edited guides/primitives/materialized-state.mdx
edited guides/primitives/subscriptions.mdx
edited guides/primitives/time-travel.mdx
edited integrations/python-sdk.mdx
edited integrations/node-sdk.mdx
edited integrations/langchain.mdx
edited api-reference/introduction.mdx
edited mint.json
edited openapi.yaml
edited mint.json
edited api-reference/endpoints/get-health.mdx
[2K[1A[2K[1A[2K[1A[2K[1A[2K[1A[2K[1A[2K[1A[2K[1A[2K[1A[2K[1A[2K[1A[2K[1A[2K[1A[2K[1A[2K[1A[2K[1A[2K[1A[2K[1A[2K[1A[2K[1A[2K[1A[2K[1A[2K[1A[2K[1A[2K[Gwarning - "GET /state/{entity_type}/{entity_id}" is referenced in the docs.json navigation but the file does not exist.
update available - run `mintlify update` to get the latest version

✓ preview ready

  local   → http://localhost:3030
  network → http://192.168.68.54:3030

press ctrl+c to exit the preview

± changes
edited mint.json
edited guides/quickstart.mdx
edited guides/primitives/event-log.mdx
edited guides/primitives/materialized-state.mdx
edited guides/primitives/subscriptions.mdx
edited guides/primitives/time-travel.mdx
edited integrations/python-sdk.mdx
edited integrations/node-sdk.mdx
edited integrations/langchain.mdx
edited api-reference/introduction.mdx
edited mint.json
edited openapi.yaml
edited mint.json
edited api-reference/endpoints/get-health.mdx
[2K[1A[2K[1A[2K[1A[2K[1A[2K[1A[2K[1A[2K[1A[2K[1A[2K[1A[2K[1A[2K[1A[2K[1A[2K[1A[2K[1A[2K[1A[2K[1A[2K[1A[2K[1A[2K[1A[2K[1A[2K[1A[2K[1A[2K[1A[2K[1A[2K[Gwarning - "GET /state/{entity_type}/{entity_id}/at" is referenced in the docs.json navigation but the file does not exist.
update available - run `mintlify update` to get the latest version

✓ preview ready

  local   → http://localhost:3030
  network → http://192.168.68.54:3030

press ctrl+c to exit the preview

± changes
edited mint.json
edited guides/quickstart.mdx
edited guides/primitives/event-log.mdx
edited guides/primitives/materialized-state.mdx
edited guides/primitives/subscriptions.mdx
edited guides/primitives/time-travel.mdx
edited integrations/python-sdk.mdx
edited integrations/node-sdk.mdx
edited integrations/langchain.mdx
edited api-reference/introduction.mdx
edited mint.json
edited openapi.yaml
edited mint.json
edited api-reference/endpoints/get-health.mdx
[2K[1A[2K[1A[2K[1A[2K[1A[2K[1A[2K[1A[2K[1A[2K[1A[2K[1A[2K[1A[2K[1A[2K[1A[2K[1A[2K[1A[2K[1A[2K[1A[2K[1A[2K[1A[2K[1A[2K[1A[2K[1A[2K[1A[2K[1A[2K[1A[2K[Gwarning - "POST /subscriptions" is referenced in the docs.json navigation but the file does not exist.
update available - run `mintlify update` to get the latest version

✓ preview ready

  local   → http://localhost:3030
  network → http://192.168.68.54:3030

press ctrl+c to exit the preview

± changes
edited mint.json
edited guides/quickstart.mdx
edited guides/primitives/event-log.mdx
edited guides/primitives/materialized-state.mdx
edited guides/primitives/subscriptions.mdx
edited guides/primitives/time-travel.mdx
edited integrations/python-sdk.mdx
edited integrations/node-sdk.mdx
edited integrations/langchain.mdx
edited api-reference/introduction.mdx
edited mint.json
edited openapi.yaml
edited mint.json
edited api-reference/endpoints/get-health.mdx
[2K[1A[2K[1A[2K[1A[2K[1A[2K[1A[2K[1A[2K[1A[2K[1A[2K[1A[2K[1A[2K[1A[2K[1A[2K[1A[2K[1A[2K[1A[2K[1A[2K[1A[2K[1A[2K[1A[2K[1A[2K[1A[2K[1A[2K[1A[2K[1A[2K[Gwarning - "GET /subscriptions/{subscription_id}" is referenced in the docs.json navigation but the file does not exist.
update available - run `mintlify update` to get the latest version

✓ preview ready

  local   → http://localhost:3030
  network → http://192.168.68.54:3030

press ctrl+c to exit the preview

± changes
edited mint.json
edited guides/quickstart.mdx
edited guides/primitives/event-log.mdx
edited guides/primitives/materialized-state.mdx
edited guides/primitives/subscriptions.mdx
edited guides/primitives/time-travel.mdx
edited integrations/python-sdk.mdx
edited integrations/node-sdk.mdx
edited integrations/langchain.mdx
edited api-reference/introduction.mdx
edited mint.json
edited openapi.yaml
edited mint.json
edited api-reference/endpoints/get-health.mdx
[2K[1A[2K[1A[2K[1A[2K[1A[2K[1A[2K[1A[2K[1A[2K[1A[2K[1A[2K[1A[2K[1A[2K[1A[2K[1A[2K[1A[2K[1A[2K[1A[2K[1A[2K[1A[2K[1A[2K[1A[2K[1A[2K[1A[2K[1A[2K[1A[2K[Gwarning - "POST /subscriptions/{subscription_id}/pause" is referenced in the docs.json navigation but the file does not exist.
update available - run `mintlify update` to get the latest version

✓ preview ready

  local   → http://localhost:3030
  network → http://192.168.68.54:3030

press ctrl+c to exit the preview

± changes
edited mint.json
edited guides/quickstart.mdx
edited guides/primitives/event-log.mdx
edited guides/primitives/materialized-state.mdx
edited guides/primitives/subscriptions.mdx
edited guides/primitives/time-travel.mdx
edited integrations/python-sdk.mdx
edited integrations/node-sdk.mdx
edited integrations/langchain.mdx
edited api-reference/introduction.mdx
edited mint.json
edited openapi.yaml
edited mint.json
edited api-reference/endpoints/get-health.mdx
[2K[1A[2K[1A[2K[1A[2K[1A[2K[1A[2K[1A[2K[1A[2K[1A[2K[1A[2K[1A[2K[1A[2K[1A[2K[1A[2K[1A[2K[1A[2K[1A[2K[1A[2K[1A[2K[1A[2K[1A[2K[1A[2K[1A[2K[1A[2K[1A[2K[Gwarning - "POST /subscriptions/{subscription_id}/resume" is referenced in the docs.json navigation but the file does not exist.
update available - run `mintlify update` to get the latest version

✓ preview ready

  local   → http://localhost:3030
  network → http://192.168.68.54:3030

press ctrl+c to exit the preview

± changes
edited mint.json
edited guides/quickstart.mdx
edited guides/primitives/event-log.mdx
edited guides/primitives/materialized-state.mdx
edited guides/primitives/subscriptions.mdx
edited guides/primitives/time-travel.mdx
edited integrations/python-sdk.mdx
edited integrations/node-sdk.mdx
edited integrations/langchain.mdx
edited api-reference/introduction.mdx
edited mint.json
edited openapi.yaml
edited mint.json
edited api-reference/endpoints/get-health.mdx
[2K[1A[2K[1A[2K[1A[2K[1A[2K[1A[2K[1A[2K[1A[2K[1A[2K[1A[2K[1A[2K[1A[2K[1A[2K[1A[2K[1A[2K[1A[2K[1A[2K[1A[2K[1A[2K[1A[2K[1A[2K[1A[2K[1A[2K[1A[2K[1A[2K[Gwarning - "GET /delivery-trace/{subscription_id}" is referenced in the docs.json navigation but the file does not exist.
update available - run `mintlify update` to get the latest version

✓ preview ready

  local   → http://localhost:3030
  network → http://192.168.68.54:3030

press ctrl+c to exit the preview

± changes
edited mint.json
edited guides/quickstart.mdx
edited guides/primitives/event-log.mdx
edited guides/primitives/materialized-state.mdx
edited guides/primitives/subscriptions.mdx
edited guides/primitives/time-travel.mdx
edited integrations/python-sdk.mdx
edited integrations/node-sdk.mdx
edited integrations/langchain.mdx
edited api-reference/introduction.mdx
edited mint.json
edited openapi.yaml
edited mint.json
edited api-reference/endpoints/get-health.mdx
[2K[1A[2K[1A[2K[1A[2K[1A[2K[1A[2K[1A[2K[1A[2K[1A[2K[1A[2K[1A[2K[1A[2K[1A[2K[1A[2K[1A[2K[1A[2K[1A[2K[1A[2K[1A[2K[1A[2K[1A[2K[1A[2K[1A[2K[1A[2K[1A[2K[Gwarning - "POST /replay" is referenced in the docs.json navigation but the file does not exist.
update available - run `mintlify update` to get the latest version

✓ preview ready

  local   → http://localhost:3030
  network → http://192.168.68.54:3030

press ctrl+c to exit the preview

± changes
edited mint.json
edited guides/quickstart.mdx
edited guides/primitives/event-log.mdx
edited guides/primitives/materialized-state.mdx
edited guides/primitives/subscriptions.mdx
edited guides/primitives/time-travel.mdx
edited integrations/python-sdk.mdx
edited integrations/node-sdk.mdx
edited integrations/langchain.mdx
edited api-reference/introduction.mdx
edited mint.json
edited openapi.yaml
edited mint.json
edited api-reference/endpoints/get-health.mdx
[2K[1A[2K[1A[2K[1A[2K[1A[2K[1A[2K[1A[2K[1A[2K[1A[2K[1A[2K[1A[2K[1A[2K[1A[2K[1A[2K[1A[2K[1A[2K[1A[2K[1A[2K[1A[2K[1A[2K[1A[2K[1A[2K[1A[2K[1A[2K[1A[2K[Gwarning - "GET /analytics/account-daily" is referenced in the docs.json navigation but the file does not exist.
update available - run `mintlify update` to get the latest version

✓ preview ready

  local   → http://localhost:3030
  network → http://192.168.68.54:3030

press ctrl+c to exit the preview

± changes
edited mint.json
edited guides/quickstart.mdx
edited guides/primitives/event-log.mdx
edited guides/primitives/materialized-state.mdx
edited guides/primitives/subscriptions.mdx
edited guides/primitives/time-travel.mdx
edited integrations/python-sdk.mdx
edited integrations/node-sdk.mdx
edited integrations/langchain.mdx
edited api-reference/introduction.mdx
edited mint.json
edited openapi.yaml
edited mint.json
edited api-reference/endpoints/get-health.mdx
[2K[1A[2K[1A[2K[1A[2K[1A[2K[1A[2K[1A[2K[1A[2K[1A[2K[1A[2K[1A[2K[1A[2K[1A[2K[1A[2K[1A[2K[1A[2K[1A[2K[1A[2K[1A[2K[1A[2K[1A[2K[1A[2K[1A[2K[1A[2K[1A[2K[Gupdate available - run `mintlify update` to get the latest version

✓ preview ready

  local   → http://localhost:3030
  network → http://192.168.68.54:3030

press ctrl+c to exit the preview

± changes
edited mint.json
edited guides/quickstart.mdx
edited guides/primitives/event-log.mdx
edited guides/primitives/materialized-state.mdx
edited guides/primitives/subscriptions.mdx
edited guides/primitives/time-travel.mdx
edited integrations/python-sdk.mdx
edited integrations/node-sdk.mdx
edited integrations/langchain.mdx
edited api-reference/introduction.mdx
edited mint.json
edited openapi.yaml
edited mint.json
edited api-reference/endpoints/get-health.mdx
added api-reference/endpoints/get-health.mdx
[2K[1A[2K[1A[2K[1A[2K[1A[2K[1A[2K[1A[2K[1A[2K[1A[2K[1A[2K[1A[2K[1A[2K[1A[2K[1A[2K[1A[2K[1A[2K[1A[2K[1A[2K[1A[2K[1A[2K[1A[2K[1A[2K[1A[2K[1A[2K[1A[2K[1A[2K[Gwarning - Error validating OpenAPI file /mint.json: Error: Failed to validate OpenAPI schema:Unknown path: Can’t find supported Swagger/OpenAPI version in specification, version must be a string.
update available - run `mintlify update` to get the latest version

✓ preview ready

  local   → http://localhost:3030
  network → http://192.168.68.54:3030

press ctrl+c to exit the preview

± changes
edited mint.json
edited guides/quickstart.mdx
edited guides/primitives/event-log.mdx
edited guides/primitives/materialized-state.mdx
edited guides/primitives/subscriptions.mdx
edited guides/primitives/time-travel.mdx
edited integrations/python-sdk.mdx
edited integrations/node-sdk.mdx
edited integrations/langchain.mdx
edited api-reference/introduction.mdx
edited mint.json
edited openapi.yaml
edited mint.json
edited api-reference/endpoints/get-health.mdx
added api-reference/endpoints/get-health.mdx
[2K[1A[2K[1A[2K[1A[2K[1A[2K[1A[2K[1A[2K[1A[2K[1A[2K[1A[2K[1A[2K[1A[2K[1A[2K[1A[2K[1A[2K[1A[2K[1A[2K[1A[2K[1A[2K[1A[2K[1A[2K[1A[2K[1A[2K[1A[2K[1A[2K[1A[2K[Gwarning - Error validating OpenAPI file /mint.json: Error: Failed to validate OpenAPI schema:Unknown path: Can’t find supported Swagger/OpenAPI version in specification, version must be a string.
update available - run `mintlify update` to get the latest version

✓ preview ready

  local   → http://localhost:3030
  network → http://192.168.68.54:3030

press ctrl+c to exit the preview

± changes
edited mint.json
edited guides/quickstart.mdx
edited guides/primitives/event-log.mdx
edited guides/primitives/materialized-state.mdx
edited guides/primitives/subscriptions.mdx
edited guides/primitives/time-travel.mdx
edited integrations/python-sdk.mdx
edited integrations/node-sdk.mdx
edited integrations/langchain.mdx
edited api-reference/introduction.mdx
edited mint.json
edited openapi.yaml
edited mint.json
edited api-reference/endpoints/get-health.mdx
added api-reference/endpoints/get-health.mdx
[2K[1A[2K[1A[2K[1A[2K[1A[2K[1A[2K[1A[2K[1A[2K[1A[2K[1A[2K[1A[2K[1A[2K[1A[2K[1A[2K[1A[2K[1A[2K[1A[2K[1A[2K[1A[2K[1A[2K[1A[2K[1A[2K[1A[2K[1A[2K[1A[2K[1A[2K[Gwarning - Error validating OpenAPI file /mint.json: Error: Failed to validate OpenAPI schema:Unknown path: Can’t find supported Swagger/OpenAPI version in specification, version must be a string.
update available - run `mintlify update` to get the latest version

✓ preview ready

  local   → http://localhost:3030
  network → http://192.168.68.54:3030

press ctrl+c to exit the preview

± changes
edited mint.json
edited guides/quickstart.mdx
edited guides/primitives/event-log.mdx
edited guides/primitives/materialized-state.mdx
edited guides/primitives/subscriptions.mdx
edited guides/primitives/time-travel.mdx
edited integrations/python-sdk.mdx
edited integrations/node-sdk.mdx
edited integrations/langchain.mdx
edited api-reference/introduction.mdx
edited mint.json
edited openapi.yaml
edited mint.json
edited api-reference/endpoints/get-health.mdx
added api-reference/endpoints/get-health.mdx
[2K[1A[2K[1A[2K[1A[2K[1A[2K[1A[2K[1A[2K[1A[2K[1A[2K[1A[2K[1A[2K[1A[2K[1A[2K[1A[2K[1A[2K[1A[2K[1A[2K[1A[2K[1A[2K[1A[2K[1A[2K[1A[2K[1A[2K[1A[2K[1A[2K[1A[2K[Gwarning - Error validating OpenAPI file /mint.json: Error: Failed to validate OpenAPI schema:Unknown path: Can’t find supported Swagger/OpenAPI version in specification, version must be a string.
update available - run `mintlify update` to get the latest version

✓ preview ready

  local   → http://localhost:3030
  network → http://192.168.68.54:3030

press ctrl+c to exit the preview

± changes
edited mint.json
edited guides/quickstart.mdx
edited guides/primitives/event-log.mdx
edited guides/primitives/materialized-state.mdx
edited guides/primitives/subscriptions.mdx
edited guides/primitives/time-travel.mdx
edited integrations/python-sdk.mdx
edited integrations/node-sdk.mdx
edited integrations/langchain.mdx
edited api-reference/introduction.mdx
edited mint.json
edited openapi.yaml
edited mint.json
edited api-reference/endpoints/get-health.mdx
added api-reference/endpoints/get-health.mdx
[2K[1A[2K[1A[2K[1A[2K[1A[2K[1A[2K[1A[2K[1A[2K[1A[2K[1A[2K[1A[2K[1A[2K[1A[2K[1A[2K[1A[2K[1A[2K[1A[2K[1A[2K[1A[2K[1A[2K[1A[2K[1A[2K[1A[2K[1A[2K[1A[2K[1A[2K[Gwarning - Error validating OpenAPI file /mint.json: Error: Failed to validate OpenAPI schema:Unknown path: Can’t find supported Swagger/OpenAPI version in specification, version must be a string.
update available - run `mintlify update` to get the latest version

✓ preview ready

  local   → http://localhost:3030
  network → http://192.168.68.54:3030

press ctrl+c to exit the preview

± changes
edited mint.json
edited guides/quickstart.mdx
edited guides/primitives/event-log.mdx
edited guides/primitives/materialized-state.mdx
edited guides/primitives/subscriptions.mdx
edited guides/primitives/time-travel.mdx
edited integrations/python-sdk.mdx
edited integrations/node-sdk.mdx
edited integrations/langchain.mdx
edited api-reference/introduction.mdx
edited mint.json
edited openapi.yaml
edited mint.json
edited api-reference/endpoints/get-health.mdx
added api-reference/endpoints/get-health.mdx
[2K[1A[2K[1A[2K[1A[2K[1A[2K[1A[2K[1A[2K[1A[2K[1A[2K[1A[2K[1A[2K[1A[2K[1A[2K[1A[2K[1A[2K[1A[2K[1A[2K[1A[2K[1A[2K[1A[2K[1A[2K[1A[2K[1A[2K[1A[2K[1A[2K[1A[2K[Gwarning - Error validating OpenAPI file /mint.json: Error: Failed to validate OpenAPI schema:Unknown path: Can’t find supported Swagger/OpenAPI version in specification, version must be a string.
update available - run `mintlify update` to get the latest version

✓ preview ready

  local   → http://localhost:3030
  network → http://192.168.68.54:3030

press ctrl+c to exit the preview

± changes
edited mint.json
edited guides/quickstart.mdx
edited guides/primitives/event-log.mdx
edited guides/primitives/materialized-state.mdx
edited guides/primitives/subscriptions.mdx
edited guides/primitives/time-travel.mdx
edited integrations/python-sdk.mdx
edited integrations/node-sdk.mdx
edited integrations/langchain.mdx
edited api-reference/introduction.mdx
edited mint.json
edited openapi.yaml
edited mint.json
edited api-reference/endpoints/get-health.mdx
added api-reference/endpoints/get-health.mdx
[2K[1A[2K[1A[2K[1A[2K[1A[2K[1A[2K[1A[2K[1A[2K[1A[2K[1A[2K[1A[2K[1A[2K[1A[2K[1A[2K[1A[2K[1A[2K[1A[2K[1A[2K[1A[2K[1A[2K[1A[2K[1A[2K[1A[2K[1A[2K[1A[2K[1A[2K[Gwarning - Error validating OpenAPI file /mint.json: Error: Failed to validate OpenAPI schema:Unknown path: Can’t find supported Swagger/OpenAPI version in specification, version must be a string.
update available - run `mintlify update` to get the latest version

✓ preview ready

  local   → http://localhost:3030
  network → http://192.168.68.54:3030

press ctrl+c to exit the preview

± changes
edited mint.json
edited guides/quickstart.mdx
edited guides/primitives/event-log.mdx
edited guides/primitives/materialized-state.mdx
edited guides/primitives/subscriptions.mdx
edited guides/primitives/time-travel.mdx
edited integrations/python-sdk.mdx
edited integrations/node-sdk.mdx
edited integrations/langchain.mdx
edited api-reference/introduction.mdx
edited mint.json
edited openapi.yaml
edited mint.json
edited api-reference/endpoints/get-health.mdx
added api-reference/endpoints/get-health.mdx
[2K[1A[2K[1A[2K[1A[2K[1A[2K[1A[2K[1A[2K[1A[2K[1A[2K[1A[2K[1A[2K[1A[2K[1A[2K[1A[2K[1A[2K[1A[2K[1A[2K[1A[2K[1A[2K[1A[2K[1A[2K[1A[2K[1A[2K[1A[2K[1A[2K[1A[2K[Gwarning - Error validating OpenAPI file /mint.json: Error: Failed to validate OpenAPI schema:Unknown path: Can’t find supported Swagger/OpenAPI version in specification, version must be a string.
update available - run `mintlify update` to get the latest version

✓ preview ready

  local   → http://localhost:3030
  network → http://192.168.68.54:3030

press ctrl+c to exit the preview

± changes
edited mint.json
edited guides/quickstart.mdx
edited guides/primitives/event-log.mdx
edited guides/primitives/materialized-state.mdx
edited guides/primitives/subscriptions.mdx
edited guides/primitives/time-travel.mdx
edited integrations/python-sdk.mdx
edited integrations/node-sdk.mdx
edited integrations/langchain.mdx
edited api-reference/introduction.mdx
edited mint.json
edited openapi.yaml
edited mint.json
edited api-reference/endpoints/get-health.mdx
added api-reference/endpoints/get-health.mdx
[2K[1A[2K[1A[2K[1A[2K[1A[2K[1A[2K[1A[2K[1A[2K[1A[2K[1A[2K[1A[2K[1A[2K[1A[2K[1A[2K[1A[2K[1A[2K[1A[2K[1A[2K[1A[2K[1A[2K[1A[2K[1A[2K[1A[2K[1A[2K[1A[2K[1A[2K[Gwarning - Error validating OpenAPI file /mint.json: Error: Failed to validate OpenAPI schema:Unknown path: Can’t find supported Swagger/OpenAPI version in specification, version must be a string.
update available - run `mintlify update` to get the latest version

✓ preview ready

  local   → http://localhost:3030
  network → http://192.168.68.54:3030

press ctrl+c to exit the preview

± changes
edited mint.json
edited guides/quickstart.mdx
edited guides/primitives/event-log.mdx
edited guides/primitives/materialized-state.mdx
edited guides/primitives/subscriptions.mdx
edited guides/primitives/time-travel.mdx
edited integrations/python-sdk.mdx
edited integrations/node-sdk.mdx
edited integrations/langchain.mdx
edited api-reference/introduction.mdx
edited mint.json
edited openapi.yaml
edited mint.json
edited api-reference/endpoints/get-health.mdx
added api-reference/endpoints/get-health.mdx
[2K[1A[2K[1A[2K[1A[2K[1A[2K[1A[2K[1A[2K[1A[2K[1A[2K[1A[2K[1A[2K[1A[2K[1A[2K[1A[2K[1A[2K[1A[2K[1A[2K[1A[2K[1A[2K[1A[2K[1A[2K[1A[2K[1A[2K[1A[2K[1A[2K[1A[2K[Gwarning - Error validating OpenAPI file /mint.json: Error: Failed to validate OpenAPI schema:Unknown path: Can’t find supported Swagger/OpenAPI version in specification, version must be a string.
update available - run `mintlify update` to get the latest version

✓ preview ready

  local   → http://localhost:3030
  network → http://192.168.68.54:3030

press ctrl+c to exit the preview

± changes
edited mint.json
edited guides/quickstart.mdx
edited guides/primitives/event-log.mdx
edited guides/primitives/materialized-state.mdx
edited guides/primitives/subscriptions.mdx
edited guides/primitives/time-travel.mdx
edited integrations/python-sdk.mdx
edited integrations/node-sdk.mdx
edited integrations/langchain.mdx
edited api-reference/introduction.mdx
edited mint.json
edited openapi.yaml
edited mint.json
edited api-reference/endpoints/get-health.mdx
added api-reference/endpoints/get-health.mdx
[2K[1A[2K[1A[2K[1A[2K[1A[2K[1A[2K[1A[2K[1A[2K[1A[2K[1A[2K[1A[2K[1A[2K[1A[2K[1A[2K[1A[2K[1A[2K[1A[2K[1A[2K[1A[2K[1A[2K[1A[2K[1A[2K[1A[2K[1A[2K[1A[2K[1A[2K[Gwarning - Error validating OpenAPI file /mint.json: Error: Failed to validate OpenAPI schema:Unknown path: Can’t find supported Swagger/OpenAPI version in specification, version must be a string.
update available - run `mintlify update` to get the latest version

✓ preview ready

  local   → http://localhost:3030
  network → http://192.168.68.54:3030

press ctrl+c to exit the preview

± changes
edited mint.json
edited guides/quickstart.mdx
edited guides/primitives/event-log.mdx
edited guides/primitives/materialized-state.mdx
edited guides/primitives/subscriptions.mdx
edited guides/primitives/time-travel.mdx
edited integrations/python-sdk.mdx
edited integrations/node-sdk.mdx
edited integrations/langchain.mdx
edited api-reference/introduction.mdx
edited mint.json
edited openapi.yaml
edited mint.json
edited api-reference/endpoints/get-health.mdx
added api-reference/endpoints/get-health.mdx
[2K[1A[2K[1A[2K[1A[2K[1A[2K[1A[2K[1A[2K[1A[2K[1A[2K[1A[2K[1A[2K[1A[2K[1A[2K[1A[2K[1A[2K[1A[2K[1A[2K[1A[2K[1A[2K[1A[2K[1A[2K[1A[2K[1A[2K[1A[2K[1A[2K[1A[2K[Gwarning - Error validating OpenAPI file /mint.json: Error: Failed to validate OpenAPI schema:Unknown path: Can’t find supported Swagger/OpenAPI version in specification, version must be a string.
update available - run `mintlify update` to get the latest version

✓ preview ready

  local   → http://localhost:3030
  network → http://192.168.68.54:3030

press ctrl+c to exit the preview

± changes
edited mint.json
edited guides/quickstart.mdx
edited guides/primitives/event-log.mdx
edited guides/primitives/materialized-state.mdx
edited guides/primitives/subscriptions.mdx
edited guides/primitives/time-travel.mdx
edited integrations/python-sdk.mdx
edited integrations/node-sdk.mdx
edited integrations/langchain.mdx
edited api-reference/introduction.mdx
edited mint.json
edited openapi.yaml
edited mint.json
edited api-reference/endpoints/get-health.mdx
added api-reference/endpoints/get-health.mdx
[2K[1A[2K[1A[2K[1A[2K[1A[2K[1A[2K[1A[2K[1A[2K[1A[2K[1A[2K[1A[2K[1A[2K[1A[2K[1A[2K[1A[2K[1A[2K[1A[2K[1A[2K[1A[2K[1A[2K[1A[2K[1A[2K[1A[2K[1A[2K[1A[2K[1A[2K[Gwarning - Error validating OpenAPI file /mint.json: Error: Failed to validate OpenAPI schema:Unknown path: Can’t find supported Swagger/OpenAPI version in specification, version must be a string.
update available - run `mintlify update` to get the latest version

✓ preview ready

  local   → http://localhost:3030
  network → http://192.168.68.54:3030

press ctrl+c to exit the preview

± changes
edited mint.json
edited guides/quickstart.mdx
edited guides/primitives/event-log.mdx
edited guides/primitives/materialized-state.mdx
edited guides/primitives/subscriptions.mdx
edited guides/primitives/time-travel.mdx
edited integrations/python-sdk.mdx
edited integrations/node-sdk.mdx
edited integrations/langchain.mdx
edited api-reference/introduction.mdx
edited mint.json
edited openapi.yaml
edited mint.json
edited api-reference/endpoints/get-health.mdx
added api-reference/endpoints/get-health.mdx
[2K[1A[2K[1A[2K[1A[2K[1A[2K[1A[2K[1A[2K[1A[2K[1A[2K[1A[2K[1A[2K[1A[2K[1A[2K[1A[2K[1A[2K[1A[2K[1A[2K[1A[2K[1A[2K[1A[2K[1A[2K[1A[2K[1A[2K[1A[2K[1A[2K[1A[2K[Gwarning - Error validating OpenAPI file /mint.json: Error: Failed to validate OpenAPI schema:Unknown path: Can’t find supported Swagger/OpenAPI version in specification, version must be a string.
update available - run `mintlify update` to get the latest version

✓ preview ready

  local   → http://localhost:3030
  network → http://192.168.68.54:3030

press ctrl+c to exit the preview

± changes
edited mint.json
edited guides/quickstart.mdx
edited guides/primitives/event-log.mdx
edited guides/primitives/materialized-state.mdx
edited guides/primitives/subscriptions.mdx
edited guides/primitives/time-travel.mdx
edited integrations/python-sdk.mdx
edited integrations/node-sdk.mdx
edited integrations/langchain.mdx
edited api-reference/introduction.mdx
edited mint.json
edited openapi.yaml
edited mint.json
edited api-reference/endpoints/get-health.mdx
added api-reference/endpoints/get-health.mdx
[2K[1A[2K[1A[2K[1A[2K[1A[2K[1A[2K[1A[2K[1A[2K[1A[2K[1A[2K[1A[2K[1A[2K[1A[2K[1A[2K[1A[2K[1A[2K[1A[2K[1A[2K[1A[2K[1A[2K[1A[2K[1A[2K[1A[2K[1A[2K[1A[2K[1A[2K[Gwarning - Error validating OpenAPI file /mint.json: Error: Failed to validate OpenAPI schema:Unknown path: Can’t find supported Swagger/OpenAPI version in specification, version must be a string.
update available - run `mintlify update` to get the latest version

✓ preview ready

  local   → http://localhost:3030
  network → http://192.168.68.54:3030

press ctrl+c to exit the preview

± changes
edited mint.json
edited guides/quickstart.mdx
edited guides/primitives/event-log.mdx
edited guides/primitives/materialized-state.mdx
edited guides/primitives/subscriptions.mdx
edited guides/primitives/time-travel.mdx
edited integrations/python-sdk.mdx
edited integrations/node-sdk.mdx
edited integrations/langchain.mdx
edited api-reference/introduction.mdx
edited mint.json
edited openapi.yaml
edited mint.json
edited api-reference/endpoints/get-health.mdx
added api-reference/endpoints/get-health.mdx
[2K[1A[2K[1A[2K[1A[2K[1A[2K[1A[2K[1A[2K[1A[2K[1A[2K[1A[2K[1A[2K[1A[2K[1A[2K[1A[2K[1A[2K[1A[2K[1A[2K[1A[2K[1A[2K[1A[2K[1A[2K[1A[2K[1A[2K[1A[2K[1A[2K[1A[2K[Gwarning - Error validating OpenAPI file /mint.json: Error: Failed to validate OpenAPI schema:Unknown path: Can’t find supported Swagger/OpenAPI version in specification, version must be a string.
update available - run `mintlify update` to get the latest version

✓ preview ready

  local   → http://localhost:3030
  network → http://192.168.68.54:3030

press ctrl+c to exit the preview

± changes
edited mint.json
edited guides/quickstart.mdx
edited guides/primitives/event-log.mdx
edited guides/primitives/materialized-state.mdx
edited guides/primitives/subscriptions.mdx
edited guides/primitives/time-travel.mdx
edited integrations/python-sdk.mdx
edited integrations/node-sdk.mdx
edited integrations/langchain.mdx
edited api-reference/introduction.mdx
edited mint.json
edited openapi.yaml
edited mint.json
edited api-reference/endpoints/get-health.mdx
added api-reference/endpoints/get-health.mdx
[2K[1A[2K[1A[2K[1A[2K[1A[2K[1A[2K[1A[2K[1A[2K[1A[2K[1A[2K[1A[2K[1A[2K[1A[2K[1A[2K[1A[2K[1A[2K[1A[2K[1A[2K[1A[2K[1A[2K[1A[2K[1A[2K[1A[2K[1A[2K[1A[2K[1A[2K[Gwarning - Error validating OpenAPI file /mint.json: Error: Failed to validate OpenAPI schema:Unknown path: Can’t find supported Swagger/OpenAPI version in specification, version must be a string.
update available - run `mintlify update` to get the latest version

✓ preview ready

  local   → http://localhost:3030
  network → http://192.168.68.54:3030

press ctrl+c to exit the preview

± changes
edited mint.json
edited guides/quickstart.mdx
edited guides/primitives/event-log.mdx
edited guides/primitives/materialized-state.mdx
edited guides/primitives/subscriptions.mdx
edited guides/primitives/time-travel.mdx
edited integrations/python-sdk.mdx
edited integrations/node-sdk.mdx
edited integrations/langchain.mdx
edited api-reference/introduction.mdx
edited mint.json
edited openapi.yaml
edited mint.json
edited api-reference/endpoints/get-health.mdx
added api-reference/endpoints/get-health.mdx
[2K[1A[2K[1A[2K[1A[2K[1A[2K[1A[2K[1A[2K[1A[2K[1A[2K[1A[2K[1A[2K[1A[2K[1A[2K[1A[2K[1A[2K[1A[2K[1A[2K[1A[2K[1A[2K[1A[2K[1A[2K[1A[2K[1A[2K[1A[2K[1A[2K[1A[2K[Gwarning - Error validating OpenAPI file /mint.json: Error: Failed to validate OpenAPI schema:Unknown path: Can’t find supported Swagger/OpenAPI version in specification, version must be a string.
update available - run `mintlify update` to get the latest version

✓ preview ready

  local   → http://localhost:3030
  network → http://192.168.68.54:3030

press ctrl+c to exit the preview

± changes
edited mint.json
edited guides/quickstart.mdx
edited guides/primitives/event-log.mdx
edited guides/primitives/materialized-state.mdx
edited guides/primitives/subscriptions.mdx
edited guides/primitives/time-travel.mdx
edited integrations/python-sdk.mdx
edited integrations/node-sdk.mdx
edited integrations/langchain.mdx
edited api-reference/introduction.mdx
edited mint.json
edited openapi.yaml
edited mint.json
edited api-reference/endpoints/get-health.mdx
added api-reference/endpoints/get-health.mdx
[2K[1A[2K[1A[2K[1A[2K[1A[2K[1A[2K[1A[2K[1A[2K[1A[2K[1A[2K[1A[2K[1A[2K[1A[2K[1A[2K[1A[2K[1A[2K[1A[2K[1A[2K[1A[2K[1A[2K[1A[2K[1A[2K[1A[2K[1A[2K[1A[2K[1A[2K[Gwarning - Error validating OpenAPI file /mint.json: Error: Failed to validate OpenAPI schema:Unknown path: Can’t find supported Swagger/OpenAPI version in specification, version must be a string.
update available - run `mintlify update` to get the latest version

✓ preview ready

  local   → http://localhost:3030
  network → http://192.168.68.54:3030

press ctrl+c to exit the preview

± changes
edited mint.json
edited guides/quickstart.mdx
edited guides/primitives/event-log.mdx
edited guides/primitives/materialized-state.mdx
edited guides/primitives/subscriptions.mdx
edited guides/primitives/time-travel.mdx
edited integrations/python-sdk.mdx
edited integrations/node-sdk.mdx
edited integrations/langchain.mdx
edited api-reference/introduction.mdx
edited mint.json
edited openapi.yaml
edited mint.json
edited api-reference/endpoints/get-health.mdx
added api-reference/endpoints/get-health.mdx
[2K[1A[2K[1A[2K[1A[2K[1A[2K[1A[2K[1A[2K[1A[2K[1A[2K[1A[2K[1A[2K[1A[2K[1A[2K[1A[2K[1A[2K[1A[2K[1A[2K[1A[2K[1A[2K[1A[2K[1A[2K[1A[2K[1A[2K[1A[2K[1A[2K[1A[2K[Gwarning - "GET /health" is referenced in the docs.json navigation but the file does not exist.
update available - run `mintlify update` to get the latest version

✓ preview ready

  local   → http://localhost:3030
  network → http://192.168.68.54:3030

press ctrl+c to exit the preview

± changes
edited mint.json
edited guides/quickstart.mdx
edited guides/primitives/event-log.mdx
edited guides/primitives/materialized-state.mdx
edited guides/primitives/subscriptions.mdx
edited guides/primitives/time-travel.mdx
edited integrations/python-sdk.mdx
edited integrations/node-sdk.mdx
edited integrations/langchain.mdx
edited api-reference/introduction.mdx
edited mint.json
edited openapi.yaml
edited mint.json
edited api-reference/endpoints/get-health.mdx
added api-reference/endpoints/get-health.mdx
[2K[1A[2K[1A[2K[1A[2K[1A[2K[1A[2K[1A[2K[1A[2K[1A[2K[1A[2K[1A[2K[1A[2K[1A[2K[1A[2K[1A[2K[1A[2K[1A[2K[1A[2K[1A[2K[1A[2K[1A[2K[1A[2K[1A[2K[1A[2K[1A[2K[1A[2K[Gwarning - "POST /events" is referenced in the docs.json navigation but the file does not exist.
update available - run `mintlify update` to get the latest version

✓ preview ready

  local   → http://localhost:3030
  network → http://192.168.68.54:3030

press ctrl+c to exit the preview

± changes
edited mint.json
edited guides/quickstart.mdx
edited guides/primitives/event-log.mdx
edited guides/primitives/materialized-state.mdx
edited guides/primitives/subscriptions.mdx
edited guides/primitives/time-travel.mdx
edited integrations/python-sdk.mdx
edited integrations/node-sdk.mdx
edited integrations/langchain.mdx
edited api-reference/introduction.mdx
edited mint.json
edited openapi.yaml
edited mint.json
edited api-reference/endpoints/get-health.mdx
added api-reference/endpoints/get-health.mdx
[2K[1A[2K[1A[2K[1A[2K[1A[2K[1A[2K[1A[2K[1A[2K[1A[2K[1A[2K[1A[2K[1A[2K[1A[2K[1A[2K[1A[2K[1A[2K[1A[2K[1A[2K[1A[2K[1A[2K[1A[2K[1A[2K[1A[2K[1A[2K[1A[2K[1A[2K[Gwarning - "GET /events" is referenced in the docs.json navigation but the file does not exist.
update available - run `mintlify update` to get the latest version

✓ preview ready

  local   → http://localhost:3030
  network → http://192.168.68.54:3030

press ctrl+c to exit the preview

± changes
edited mint.json
edited guides/quickstart.mdx
edited guides/primitives/event-log.mdx
edited guides/primitives/materialized-state.mdx
edited guides/primitives/subscriptions.mdx
edited guides/primitives/time-travel.mdx
edited integrations/python-sdk.mdx
edited integrations/node-sdk.mdx
edited integrations/langchain.mdx
edited api-reference/introduction.mdx
edited mint.json
edited openapi.yaml
edited mint.json
edited api-reference/endpoints/get-health.mdx
added api-reference/endpoints/get-health.mdx
[2K[1A[2K[1A[2K[1A[2K[1A[2K[1A[2K[1A[2K[1A[2K[1A[2K[1A[2K[1A[2K[1A[2K[1A[2K[1A[2K[1A[2K[1A[2K[1A[2K[1A[2K[1A[2K[1A[2K[1A[2K[1A[2K[1A[2K[1A[2K[1A[2K[1A[2K[Gwarning - "GET /state/{entity_type}/{entity_id}" is referenced in the docs.json navigation but the file does not exist.
update available - run `mintlify update` to get the latest version

✓ preview ready

  local   → http://localhost:3030
  network → http://192.168.68.54:3030

press ctrl+c to exit the preview

± changes
edited mint.json
edited guides/quickstart.mdx
edited guides/primitives/event-log.mdx
edited guides/primitives/materialized-state.mdx
edited guides/primitives/subscriptions.mdx
edited guides/primitives/time-travel.mdx
edited integrations/python-sdk.mdx
edited integrations/node-sdk.mdx
edited integrations/langchain.mdx
edited api-reference/introduction.mdx
edited mint.json
edited openapi.yaml
edited mint.json
edited api-reference/endpoints/get-health.mdx
added api-reference/endpoints/get-health.mdx
[2K[1A[2K[1A[2K[1A[2K[1A[2K[1A[2K[1A[2K[1A[2K[1A[2K[1A[2K[1A[2K[1A[2K[1A[2K[1A[2K[1A[2K[1A[2K[1A[2K[1A[2K[1A[2K[1A[2K[1A[2K[1A[2K[1A[2K[1A[2K[1A[2K[1A[2K[Gwarning - "GET /state/{entity_type}/{entity_id}/at" is referenced in the docs.json navigation but the file does not exist.
update available - run `mintlify update` to get the latest version

✓ preview ready

  local   → http://localhost:3030
  network → http://192.168.68.54:3030

press ctrl+c to exit the preview

± changes
edited mint.json
edited guides/quickstart.mdx
edited guides/primitives/event-log.mdx
edited guides/primitives/materialized-state.mdx
edited guides/primitives/subscriptions.mdx
edited guides/primitives/time-travel.mdx
edited integrations/python-sdk.mdx
edited integrations/node-sdk.mdx
edited integrations/langchain.mdx
edited api-reference/introduction.mdx
edited mint.json
edited openapi.yaml
edited mint.json
edited api-reference/endpoints/get-health.mdx
added api-reference/endpoints/get-health.mdx
[2K[1A[2K[1A[2K[1A[2K[1A[2K[1A[2K[1A[2K[1A[2K[1A[2K[1A[2K[1A[2K[1A[2K[1A[2K[1A[2K[1A[2K[1A[2K[1A[2K[1A[2K[1A[2K[1A[2K[1A[2K[1A[2K[1A[2K[1A[2K[1A[2K[1A[2K[Gwarning - "POST /subscriptions" is referenced in the docs.json navigation but the file does not exist.
update available - run `mintlify update` to get the latest version

✓ preview ready

  local   → http://localhost:3030
  network → http://192.168.68.54:3030

press ctrl+c to exit the preview

± changes
edited mint.json
edited guides/quickstart.mdx
edited guides/primitives/event-log.mdx
edited guides/primitives/materialized-state.mdx
edited guides/primitives/subscriptions.mdx
edited guides/primitives/time-travel.mdx
edited integrations/python-sdk.mdx
edited integrations/node-sdk.mdx
edited integrations/langchain.mdx
edited api-reference/introduction.mdx
edited mint.json
edited openapi.yaml
edited mint.json
edited api-reference/endpoints/get-health.mdx
added api-reference/endpoints/get-health.mdx
[2K[1A[2K[1A[2K[1A[2K[1A[2K[1A[2K[1A[2K[1A[2K[1A[2K[1A[2K[1A[2K[1A[2K[1A[2K[1A[2K[1A[2K[1A[2K[1A[2K[1A[2K[1A[2K[1A[2K[1A[2K[1A[2K[1A[2K[1A[2K[1A[2K[1A[2K[Gwarning - "GET /subscriptions/{subscription_id}" is referenced in the docs.json navigation but the file does not exist.
update available - run `mintlify update` to get the latest version

✓ preview ready

  local   → http://localhost:3030
  network → http://192.168.68.54:3030

press ctrl+c to exit the preview

± changes
edited mint.json
edited guides/quickstart.mdx
edited guides/primitives/event-log.mdx
edited guides/primitives/materialized-state.mdx
edited guides/primitives/subscriptions.mdx
edited guides/primitives/time-travel.mdx
edited integrations/python-sdk.mdx
edited integrations/node-sdk.mdx
edited integrations/langchain.mdx
edited api-reference/introduction.mdx
edited mint.json
edited openapi.yaml
edited mint.json
edited api-reference/endpoints/get-health.mdx
added api-reference/endpoints/get-health.mdx
[2K[1A[2K[1A[2K[1A[2K[1A[2K[1A[2K[1A[2K[1A[2K[1A[2K[1A[2K[1A[2K[1A[2K[1A[2K[1A[2K[1A[2K[1A[2K[1A[2K[1A[2K[1A[2K[1A[2K[1A[2K[1A[2K[1A[2K[1A[2K[1A[2K[1A[2K[Gwarning - "POST /subscriptions/{subscription_id}/pause" is referenced in the docs.json navigation but the file does not exist.
update available - run `mintlify update` to get the latest version

✓ preview ready

  local   → http://localhost:3030
  network → http://192.168.68.54:3030

press ctrl+c to exit the preview

± changes
edited mint.json
edited guides/quickstart.mdx
edited guides/primitives/event-log.mdx
edited guides/primitives/materialized-state.mdx
edited guides/primitives/subscriptions.mdx
edited guides/primitives/time-travel.mdx
edited integrations/python-sdk.mdx
edited integrations/node-sdk.mdx
edited integrations/langchain.mdx
edited api-reference/introduction.mdx
edited mint.json
edited openapi.yaml
edited mint.json
edited api-reference/endpoints/get-health.mdx
added api-reference/endpoints/get-health.mdx
[2K[1A[2K[1A[2K[1A[2K[1A[2K[1A[2K[1A[2K[1A[2K[1A[2K[1A[2K[1A[2K[1A[2K[1A[2K[1A[2K[1A[2K[1A[2K[1A[2K[1A[2K[1A[2K[1A[2K[1A[2K[1A[2K[1A[2K[1A[2K[1A[2K[1A[2K[Gwarning - "POST /subscriptions/{subscription_id}/resume" is referenced in the docs.json navigation but the file does not exist.
update available - run `mintlify update` to get the latest version

✓ preview ready

  local   → http://localhost:3030
  network → http://192.168.68.54:3030

press ctrl+c to exit the preview

± changes
edited mint.json
edited guides/quickstart.mdx
edited guides/primitives/event-log.mdx
edited guides/primitives/materialized-state.mdx
edited guides/primitives/subscriptions.mdx
edited guides/primitives/time-travel.mdx
edited integrations/python-sdk.mdx
edited integrations/node-sdk.mdx
edited integrations/langchain.mdx
edited api-reference/introduction.mdx
edited mint.json
edited openapi.yaml
edited mint.json
edited api-reference/endpoints/get-health.mdx
added api-reference/endpoints/get-health.mdx
[2K[1A[2K[1A[2K[1A[2K[1A[2K[1A[2K[1A[2K[1A[2K[1A[2K[1A[2K[1A[2K[1A[2K[1A[2K[1A[2K[1A[2K[1A[2K[1A[2K[1A[2K[1A[2K[1A[2K[1A[2K[1A[2K[1A[2K[1A[2K[1A[2K[1A[2K[Gwarning - "GET /delivery-trace/{subscription_id}" is referenced in the docs.json navigation but the file does not exist.
update available - run `mintlify update` to get the latest version

✓ preview ready

  local   → http://localhost:3030
  network → http://192.168.68.54:3030

press ctrl+c to exit the preview

± changes
edited mint.json
edited guides/quickstart.mdx
edited guides/primitives/event-log.mdx
edited guides/primitives/materialized-state.mdx
edited guides/primitives/subscriptions.mdx
edited guides/primitives/time-travel.mdx
edited integrations/python-sdk.mdx
edited integrations/node-sdk.mdx
edited integrations/langchain.mdx
edited api-reference/introduction.mdx
edited mint.json
edited openapi.yaml
edited mint.json
edited api-reference/endpoints/get-health.mdx
added api-reference/endpoints/get-health.mdx
[2K[1A[2K[1A[2K[1A[2K[1A[2K[1A[2K[1A[2K[1A[2K[1A[2K[1A[2K[1A[2K[1A[2K[1A[2K[1A[2K[1A[2K[1A[2K[1A[2K[1A[2K[1A[2K[1A[2K[1A[2K[1A[2K[1A[2K[1A[2K[1A[2K[1A[2K[Gwarning - "POST /replay" is referenced in the docs.json navigation but the file does not exist.
update available - run `mintlify update` to get the latest version

✓ preview ready

  local   → http://localhost:3030
  network → http://192.168.68.54:3030

press ctrl+c to exit the preview

± changes
edited mint.json
edited guides/quickstart.mdx
edited guides/primitives/event-log.mdx
edited guides/primitives/materialized-state.mdx
edited guides/primitives/subscriptions.mdx
edited guides/primitives/time-travel.mdx
edited integrations/python-sdk.mdx
edited integrations/node-sdk.mdx
edited integrations/langchain.mdx
edited api-reference/introduction.mdx
edited mint.json
edited openapi.yaml
edited mint.json
edited api-reference/endpoints/get-health.mdx
added api-reference/endpoints/get-health.mdx
[2K[1A[2K[1A[2K[1A[2K[1A[2K[1A[2K[1A[2K[1A[2K[1A[2K[1A[2K[1A[2K[1A[2K[1A[2K[1A[2K[1A[2K[1A[2K[1A[2K[1A[2K[1A[2K[1A[2K[1A[2K[1A[2K[1A[2K[1A[2K[1A[2K[1A[2K[Gwarning - "GET /analytics/account-daily" is referenced in the docs.json navigation but the file does not exist.
update available - run `mintlify update` to get the latest version

✓ preview ready

  local   → http://localhost:3030
  network → http://192.168.68.54:3030

press ctrl+c to exit the preview

± changes
edited mint.json
edited guides/quickstart.mdx
edited guides/primitives/event-log.mdx
edited guides/primitives/materialized-state.mdx
edited guides/primitives/subscriptions.mdx
edited guides/primitives/time-travel.mdx
edited integrations/python-sdk.mdx
edited integrations/node-sdk.mdx
edited integrations/langchain.mdx
edited api-reference/introduction.mdx
edited mint.json
edited openapi.yaml
edited mint.json
edited api-reference/endpoints/get-health.mdx
added api-reference/endpoints/get-health.mdx
[2K[1A[2K[1A[2K[1A[2K[1A[2K[1A[2K[1A[2K[1A[2K[1A[2K[1A[2K[1A[2K[1A[2K[1A[2K[1A[2K[1A[2K[1A[2K[1A[2K[1A[2K[1A[2K[1A[2K[1A[2K[1A[2K[1A[2K[1A[2K[1A[2K[1A[2K[Gwarning - Error validating OpenAPI file /mint.json: Error: Failed to validate OpenAPI schema:Unknown path: Can’t find supported Swagger/OpenAPI version in specification, version must be a string.
update available - run `mintlify update` to get the latest version

✓ preview ready

  local   → http://localhost:3030
  network → http://192.168.68.54:3030

press ctrl+c to exit the preview

± changes
edited mint.json
edited guides/quickstart.mdx
edited guides/primitives/event-log.mdx
edited guides/primitives/materialized-state.mdx
edited guides/primitives/subscriptions.mdx
edited guides/primitives/time-travel.mdx
edited integrations/python-sdk.mdx
edited integrations/node-sdk.mdx
edited integrations/langchain.mdx
edited api-reference/introduction.mdx
edited mint.json
edited openapi.yaml
edited mint.json
edited api-reference/endpoints/get-health.mdx
added api-reference/endpoints/get-health.mdx
[2K[1A[2K[1A[2K[1A[2K[1A[2K[1A[2K[1A[2K[1A[2K[1A[2K[1A[2K[1A[2K[1A[2K[1A[2K[1A[2K[1A[2K[1A[2K[1A[2K[1A[2K[1A[2K[1A[2K[1A[2K[1A[2K[1A[2K[1A[2K[1A[2K[1A[2K[Gwarning - Error validating OpenAPI file /mint.json: Error: Failed to validate OpenAPI schema:Unknown path: Can’t find supported Swagger/OpenAPI version in specification, version must be a string.
update available - run `mintlify update` to get the latest version

✓ preview ready

  local   → http://localhost:3030
  network → http://192.168.68.54:3030

press ctrl+c to exit the preview

± changes
edited mint.json
edited guides/quickstart.mdx
edited guides/primitives/event-log.mdx
edited guides/primitives/materialized-state.mdx
edited guides/primitives/subscriptions.mdx
edited guides/primitives/time-travel.mdx
edited integrations/python-sdk.mdx
edited integrations/node-sdk.mdx
edited integrations/langchain.mdx
edited api-reference/introduction.mdx
edited mint.json
edited openapi.yaml
edited mint.json
edited api-reference/endpoints/get-health.mdx
added api-reference/endpoints/get-health.mdx
[2K[1A[2K[1A[2K[1A[2K[1A[2K[1A[2K[1A[2K[1A[2K[1A[2K[1A[2K[1A[2K[1A[2K[1A[2K[1A[2K[1A[2K[1A[2K[1A[2K[1A[2K[1A[2K[1A[2K[1A[2K[1A[2K[1A[2K[1A[2K[1A[2K[1A[2K[Gwarning - "GET /health" is referenced in the docs.json navigation but the file does not exist.
update available - run `mintlify update` to get the latest version

✓ preview ready

  local   → http://localhost:3030
  network → http://192.168.68.54:3030

press ctrl+c to exit the preview

± changes
edited mint.json
edited guides/quickstart.mdx
edited guides/primitives/event-log.mdx
edited guides/primitives/materialized-state.mdx
edited guides/primitives/subscriptions.mdx
edited guides/primitives/time-travel.mdx
edited integrations/python-sdk.mdx
edited integrations/node-sdk.mdx
edited integrations/langchain.mdx
edited api-reference/introduction.mdx
edited mint.json
edited openapi.yaml
edited mint.json
edited api-reference/endpoints/get-health.mdx
added api-reference/endpoints/get-health.mdx
[2K[1A[2K[1A[2K[1A[2K[1A[2K[1A[2K[1A[2K[1A[2K[1A[2K[1A[2K[1A[2K[1A[2K[1A[2K[1A[2K[1A[2K[1A[2K[1A[2K[1A[2K[1A[2K[1A[2K[1A[2K[1A[2K[1A[2K[1A[2K[1A[2K[1A[2K[Gwarning - "POST /events" is referenced in the docs.json navigation but the file does not exist.
update available - run `mintlify update` to get the latest version

✓ preview ready

  local   → http://localhost:3030
  network → http://192.168.68.54:3030

press ctrl+c to exit the preview

± changes
edited mint.json
edited guides/quickstart.mdx
edited guides/primitives/event-log.mdx
edited guides/primitives/materialized-state.mdx
edited guides/primitives/subscriptions.mdx
edited guides/primitives/time-travel.mdx
edited integrations/python-sdk.mdx
edited integrations/node-sdk.mdx
edited integrations/langchain.mdx
edited api-reference/introduction.mdx
edited mint.json
edited openapi.yaml
edited mint.json
edited api-reference/endpoints/get-health.mdx
added api-reference/endpoints/get-health.mdx
[2K[1A[2K[1A[2K[1A[2K[1A[2K[1A[2K[1A[2K[1A[2K[1A[2K[1A[2K[1A[2K[1A[2K[1A[2K[1A[2K[1A[2K[1A[2K[1A[2K[1A[2K[1A[2K[1A[2K[1A[2K[1A[2K[1A[2K[1A[2K[1A[2K[1A[2K[Gwarning - "GET /events" is referenced in the docs.json navigation but the file does not exist.
update available - run `mintlify update` to get the latest version

✓ preview ready

  local   → http://localhost:3030
  network → http://192.168.68.54:3030

press ctrl+c to exit the preview

± changes
edited mint.json
edited guides/quickstart.mdx
edited guides/primitives/event-log.mdx
edited guides/primitives/materialized-state.mdx
edited guides/primitives/subscriptions.mdx
edited guides/primitives/time-travel.mdx
edited integrations/python-sdk.mdx
edited integrations/node-sdk.mdx
edited integrations/langchain.mdx
edited api-reference/introduction.mdx
edited mint.json
edited openapi.yaml
edited mint.json
edited api-reference/endpoints/get-health.mdx
added api-reference/endpoints/get-health.mdx
[2K[1A[2K[1A[2K[1A[2K[1A[2K[1A[2K[1A[2K[1A[2K[1A[2K[1A[2K[1A[2K[1A[2K[1A[2K[1A[2K[1A[2K[1A[2K[1A[2K[1A[2K[1A[2K[1A[2K[1A[2K[1A[2K[1A[2K[1A[2K[1A[2K[1A[2K[Gwarning - "GET /state/{entity_type}/{entity_id}" is referenced in the docs.json navigation but the file does not exist.
update available - run `mintlify update` to get the latest version

✓ preview ready

  local   → http://localhost:3030
  network → http://192.168.68.54:3030

press ctrl+c to exit the preview

± changes
edited mint.json
edited guides/quickstart.mdx
edited guides/primitives/event-log.mdx
edited guides/primitives/materialized-state.mdx
edited guides/primitives/subscriptions.mdx
edited guides/primitives/time-travel.mdx
edited integrations/python-sdk.mdx
edited integrations/node-sdk.mdx
edited integrations/langchain.mdx
edited api-reference/introduction.mdx
edited mint.json
edited openapi.yaml
edited mint.json
edited api-reference/endpoints/get-health.mdx
added api-reference/endpoints/get-health.mdx
[2K[1A[2K[1A[2K[1A[2K[1A[2K[1A[2K[1A[2K[1A[2K[1A[2K[1A[2K[1A[2K[1A[2K[1A[2K[1A[2K[1A[2K[1A[2K[1A[2K[1A[2K[1A[2K[1A[2K[1A[2K[1A[2K[1A[2K[1A[2K[1A[2K[1A[2K[Gwarning - "GET /state/{entity_type}/{entity_id}/at" is referenced in the docs.json navigation but the file does not exist.
update available - run `mintlify update` to get the latest version

✓ preview ready

  local   → http://localhost:3030
  network → http://192.168.68.54:3030

press ctrl+c to exit the preview

± changes
edited mint.json
edited guides/quickstart.mdx
edited guides/primitives/event-log.mdx
edited guides/primitives/materialized-state.mdx
edited guides/primitives/subscriptions.mdx
edited guides/primitives/time-travel.mdx
edited integrations/python-sdk.mdx
edited integrations/node-sdk.mdx
edited integrations/langchain.mdx
edited api-reference/introduction.mdx
edited mint.json
edited openapi.yaml
edited mint.json
edited api-reference/endpoints/get-health.mdx
added api-reference/endpoints/get-health.mdx
[2K[1A[2K[1A[2K[1A[2K[1A[2K[1A[2K[1A[2K[1A[2K[1A[2K[1A[2K[1A[2K[1A[2K[1A[2K[1A[2K[1A[2K[1A[2K[1A[2K[1A[2K[1A[2K[1A[2K[1A[2K[1A[2K[1A[2K[1A[2K[1A[2K[1A[2K[Gwarning - "POST /subscriptions" is referenced in the docs.json navigation but the file does not exist.
update available - run `mintlify update` to get the latest version

✓ preview ready

  local   → http://localhost:3030
  network → http://192.168.68.54:3030

press ctrl+c to exit the preview

± changes
edited mint.json
edited guides/quickstart.mdx
edited guides/primitives/event-log.mdx
edited guides/primitives/materialized-state.mdx
edited guides/primitives/subscriptions.mdx
edited guides/primitives/time-travel.mdx
edited integrations/python-sdk.mdx
edited integrations/node-sdk.mdx
edited integrations/langchain.mdx
edited api-reference/introduction.mdx
edited mint.json
edited openapi.yaml
edited mint.json
edited api-reference/endpoints/get-health.mdx
added api-reference/endpoints/get-health.mdx
[2K[1A[2K[1A[2K[1A[2K[1A[2K[1A[2K[1A[2K[1A[2K[1A[2K[1A[2K[1A[2K[1A[2K[1A[2K[1A[2K[1A[2K[1A[2K[1A[2K[1A[2K[1A[2K[1A[2K[1A[2K[1A[2K[1A[2K[1A[2K[1A[2K[1A[2K[Gwarning - "GET /subscriptions/{subscription_id}" is referenced in the docs.json navigation but the file does not exist.
update available - run `mintlify update` to get the latest version

✓ preview ready

  local   → http://localhost:3030
  network → http://192.168.68.54:3030

press ctrl+c to exit the preview

± changes
edited mint.json
edited guides/quickstart.mdx
edited guides/primitives/event-log.mdx
edited guides/primitives/materialized-state.mdx
edited guides/primitives/subscriptions.mdx
edited guides/primitives/time-travel.mdx
edited integrations/python-sdk.mdx
edited integrations/node-sdk.mdx
edited integrations/langchain.mdx
edited api-reference/introduction.mdx
edited mint.json
edited openapi.yaml
edited mint.json
edited api-reference/endpoints/get-health.mdx
added api-reference/endpoints/get-health.mdx
[2K[1A[2K[1A[2K[1A[2K[1A[2K[1A[2K[1A[2K[1A[2K[1A[2K[1A[2K[1A[2K[1A[2K[1A[2K[1A[2K[1A[2K[1A[2K[1A[2K[1A[2K[1A[2K[1A[2K[1A[2K[1A[2K[1A[2K[1A[2K[1A[2K[1A[2K[Gwarning - "POST /subscriptions/{subscription_id}/pause" is referenced in the docs.json navigation but the file does not exist.
update available - run `mintlify update` to get the latest version

✓ preview ready

  local   → http://localhost:3030
  network → http://192.168.68.54:3030

press ctrl+c to exit the preview

± changes
edited mint.json
edited guides/quickstart.mdx
edited guides/primitives/event-log.mdx
edited guides/primitives/materialized-state.mdx
edited guides/primitives/subscriptions.mdx
edited guides/primitives/time-travel.mdx
edited integrations/python-sdk.mdx
edited integrations/node-sdk.mdx
edited integrations/langchain.mdx
edited api-reference/introduction.mdx
edited mint.json
edited openapi.yaml
edited mint.json
edited api-reference/endpoints/get-health.mdx
added api-reference/endpoints/get-health.mdx
[2K[1A[2K[1A[2K[1A[2K[1A[2K[1A[2K[1A[2K[1A[2K[1A[2K[1A[2K[1A[2K[1A[2K[1A[2K[1A[2K[1A[2K[1A[2K[1A[2K[1A[2K[1A[2K[1A[2K[1A[2K[1A[2K[1A[2K[1A[2K[1A[2K[1A[2K[Gwarning - "POST /subscriptions/{subscription_id}/resume" is referenced in the docs.json navigation but the file does not exist.
update available - run `mintlify update` to get the latest version

✓ preview ready

  local   → http://localhost:3030
  network → http://192.168.68.54:3030

press ctrl+c to exit the preview

± changes
edited mint.json
edited guides/quickstart.mdx
edited guides/primitives/event-log.mdx
edited guides/primitives/materialized-state.mdx
edited guides/primitives/subscriptions.mdx
edited guides/primitives/time-travel.mdx
edited integrations/python-sdk.mdx
edited integrations/node-sdk.mdx
edited integrations/langchain.mdx
edited api-reference/introduction.mdx
edited mint.json
edited openapi.yaml
edited mint.json
edited api-reference/endpoints/get-health.mdx
added api-reference/endpoints/get-health.mdx
[2K[1A[2K[1A[2K[1A[2K[1A[2K[1A[2K[1A[2K[1A[2K[1A[2K[1A[2K[1A[2K[1A[2K[1A[2K[1A[2K[1A[2K[1A[2K[1A[2K[1A[2K[1A[2K[1A[2K[1A[2K[1A[2K[1A[2K[1A[2K[1A[2K[1A[2K[Gwarning - "GET /delivery-trace/{subscription_id}" is referenced in the docs.json navigation but the file does not exist.
update available - run `mintlify update` to get the latest version

✓ preview ready

  local   → http://localhost:3030
  network → http://192.168.68.54:3030

press ctrl+c to exit the preview

± changes
edited mint.json
edited guides/quickstart.mdx
edited guides/primitives/event-log.mdx
edited guides/primitives/materialized-state.mdx
edited guides/primitives/subscriptions.mdx
edited guides/primitives/time-travel.mdx
edited integrations/python-sdk.mdx
edited integrations/node-sdk.mdx
edited integrations/langchain.mdx
edited api-reference/introduction.mdx
edited mint.json
edited openapi.yaml
edited mint.json
edited api-reference/endpoints/get-health.mdx
added api-reference/endpoints/get-health.mdx
[2K[1A[2K[1A[2K[1A[2K[1A[2K[1A[2K[1A[2K[1A[2K[1A[2K[1A[2K[1A[2K[1A[2K[1A[2K[1A[2K[1A[2K[1A[2K[1A[2K[1A[2K[1A[2K[1A[2K[1A[2K[1A[2K[1A[2K[1A[2K[1A[2K[1A[2K[Gwarning - "POST /replay" is referenced in the docs.json navigation but the file does not exist.
update available - run `mintlify update` to get the latest version

✓ preview ready

  local   → http://localhost:3030
  network → http://192.168.68.54:3030

press ctrl+c to exit the preview

± changes
edited mint.json
edited guides/quickstart.mdx
edited guides/primitives/event-log.mdx
edited guides/primitives/materialized-state.mdx
edited guides/primitives/subscriptions.mdx
edited guides/primitives/time-travel.mdx
edited integrations/python-sdk.mdx
edited integrations/node-sdk.mdx
edited integrations/langchain.mdx
edited api-reference/introduction.mdx
edited mint.json
edited openapi.yaml
edited mint.json
edited api-reference/endpoints/get-health.mdx
added api-reference/endpoints/get-health.mdx
[2K[1A[2K[1A[2K[1A[2K[1A[2K[1A[2K[1A[2K[1A[2K[1A[2K[1A[2K[1A[2K[1A[2K[1A[2K[1A[2K[1A[2K[1A[2K[1A[2K[1A[2K[1A[2K[1A[2K[1A[2K[1A[2K[1A[2K[1A[2K[1A[2K[1A[2K[Gwarning - "GET /analytics/account-daily" is referenced in the docs.json navigation but the file does not exist.
update available - run `mintlify update` to get the latest version

✓ preview ready

  local   → http://localhost:3030
  network → http://192.168.68.54:3030

press ctrl+c to exit the preview

± changes
edited mint.json
edited guides/quickstart.mdx
edited guides/primitives/event-log.mdx
edited guides/primitives/materialized-state.mdx
edited guides/primitives/subscriptions.mdx
edited guides/primitives/time-travel.mdx
edited integrations/python-sdk.mdx
edited integrations/node-sdk.mdx
edited integrations/langchain.mdx
edited api-reference/introduction.mdx
edited mint.json
edited openapi.yaml
edited mint.json
edited api-reference/endpoints/get-health.mdx
added api-reference/endpoints/get-health.mdx
[2K[1A[2K[1A[2K[1A[2K[1A[2K[1A[2K[1A[2K[1A[2K[1A[2K[1A[2K[1A[2K[1A[2K[1A[2K[1A[2K[1A[2K[1A[2K[1A[2K[1A[2K[1A[2K[1A[2K[1A[2K[1A[2K[1A[2K[1A[2K[1A[2K[1A[2K[Gwarning - "GET /health" is referenced in the docs.json navigation but the file does not exist.
update available - run `mintlify update` to get the latest version

✓ preview ready

  local   → http://localhost:3030
  network → http://192.168.68.54:3030

press ctrl+c to exit the preview

± changes
edited mint.json
edited guides/quickstart.mdx
edited guides/primitives/event-log.mdx
edited guides/primitives/materialized-state.mdx
edited guides/primitives/subscriptions.mdx
edited guides/primitives/time-travel.mdx
edited integrations/python-sdk.mdx
edited integrations/node-sdk.mdx
edited integrations/langchain.mdx
edited api-reference/introduction.mdx
edited mint.json
edited openapi.yaml
edited mint.json
edited api-reference/endpoints/get-health.mdx
added api-reference/endpoints/get-health.mdx
[2K[1A[2K[1A[2K[1A[2K[1A[2K[1A[2K[1A[2K[1A[2K[1A[2K[1A[2K[1A[2K[1A[2K[1A[2K[1A[2K[1A[2K[1A[2K[1A[2K[1A[2K[1A[2K[1A[2K[1A[2K[1A[2K[1A[2K[1A[2K[1A[2K[1A[2K[Gwarning - "POST /events" is referenced in the docs.json navigation but the file does not exist.
update available - run `mintlify update` to get the latest version

✓ preview ready

  local   → http://localhost:3030
  network → http://192.168.68.54:3030

press ctrl+c to exit the preview

± changes
edited mint.json
edited guides/quickstart.mdx
edited guides/primitives/event-log.mdx
edited guides/primitives/materialized-state.mdx
edited guides/primitives/subscriptions.mdx
edited guides/primitives/time-travel.mdx
edited integrations/python-sdk.mdx
edited integrations/node-sdk.mdx
edited integrations/langchain.mdx
edited api-reference/introduction.mdx
edited mint.json
edited openapi.yaml
edited mint.json
edited api-reference/endpoints/get-health.mdx
added api-reference/endpoints/get-health.mdx
[2K[1A[2K[1A[2K[1A[2K[1A[2K[1A[2K[1A[2K[1A[2K[1A[2K[1A[2K[1A[2K[1A[2K[1A[2K[1A[2K[1A[2K[1A[2K[1A[2K[1A[2K[1A[2K[1A[2K[1A[2K[1A[2K[1A[2K[1A[2K[1A[2K[1A[2K[Gwarning - "GET /events" is referenced in the docs.json navigation but the file does not exist.
update available - run `mintlify update` to get the latest version

✓ preview ready

  local   → http://localhost:3030
  network → http://192.168.68.54:3030

press ctrl+c to exit the preview

± changes
edited mint.json
edited guides/quickstart.mdx
edited guides/primitives/event-log.mdx
edited guides/primitives/materialized-state.mdx
edited guides/primitives/subscriptions.mdx
edited guides/primitives/time-travel.mdx
edited integrations/python-sdk.mdx
edited integrations/node-sdk.mdx
edited integrations/langchain.mdx
edited api-reference/introduction.mdx
edited mint.json
edited openapi.yaml
edited mint.json
edited api-reference/endpoints/get-health.mdx
added api-reference/endpoints/get-health.mdx
[2K[1A[2K[1A[2K[1A[2K[1A[2K[1A[2K[1A[2K[1A[2K[1A[2K[1A[2K[1A[2K[1A[2K[1A[2K[1A[2K[1A[2K[1A[2K[1A[2K[1A[2K[1A[2K[1A[2K[1A[2K[1A[2K[1A[2K[1A[2K[1A[2K[1A[2K[Gwarning - "GET /state/{entity_type}/{entity_id}" is referenced in the docs.json navigation but the file does not exist.
update available - run `mintlify update` to get the latest version

✓ preview ready

  local   → http://localhost:3030
  network → http://192.168.68.54:3030

press ctrl+c to exit the preview

± changes
edited mint.json
edited guides/quickstart.mdx
edited guides/primitives/event-log.mdx
edited guides/primitives/materialized-state.mdx
edited guides/primitives/subscriptions.mdx
edited guides/primitives/time-travel.mdx
edited integrations/python-sdk.mdx
edited integrations/node-sdk.mdx
edited integrations/langchain.mdx
edited api-reference/introduction.mdx
edited mint.json
edited openapi.yaml
edited mint.json
edited api-reference/endpoints/get-health.mdx
added api-reference/endpoints/get-health.mdx
[2K[1A[2K[1A[2K[1A[2K[1A[2K[1A[2K[1A[2K[1A[2K[1A[2K[1A[2K[1A[2K[1A[2K[1A[2K[1A[2K[1A[2K[1A[2K[1A[2K[1A[2K[1A[2K[1A[2K[1A[2K[1A[2K[1A[2K[1A[2K[1A[2K[1A[2K[Gwarning - "GET /state/{entity_type}/{entity_id}/at" is referenced in the docs.json navigation but the file does not exist.
update available - run `mintlify update` to get the latest version

✓ preview ready

  local   → http://localhost:3030
  network → http://192.168.68.54:3030

press ctrl+c to exit the preview

± changes
edited mint.json
edited guides/quickstart.mdx
edited guides/primitives/event-log.mdx
edited guides/primitives/materialized-state.mdx
edited guides/primitives/subscriptions.mdx
edited guides/primitives/time-travel.mdx
edited integrations/python-sdk.mdx
edited integrations/node-sdk.mdx
edited integrations/langchain.mdx
edited api-reference/introduction.mdx
edited mint.json
edited openapi.yaml
edited mint.json
edited api-reference/endpoints/get-health.mdx
added api-reference/endpoints/get-health.mdx
[2K[1A[2K[1A[2K[1A[2K[1A[2K[1A[2K[1A[2K[1A[2K[1A[2K[1A[2K[1A[2K[1A[2K[1A[2K[1A[2K[1A[2K[1A[2K[1A[2K[1A[2K[1A[2K[1A[2K[1A[2K[1A[2K[1A[2K[1A[2K[1A[2K[1A[2K[Gwarning - "POST /subscriptions" is referenced in the docs.json navigation but the file does not exist.
update available - run `mintlify update` to get the latest version

✓ preview ready

  local   → http://localhost:3030
  network → http://192.168.68.54:3030

press ctrl+c to exit the preview

± changes
edited mint.json
edited guides/quickstart.mdx
edited guides/primitives/event-log.mdx
edited guides/primitives/materialized-state.mdx
edited guides/primitives/subscriptions.mdx
edited guides/primitives/time-travel.mdx
edited integrations/python-sdk.mdx
edited integrations/node-sdk.mdx
edited integrations/langchain.mdx
edited api-reference/introduction.mdx
edited mint.json
edited openapi.yaml
edited mint.json
edited api-reference/endpoints/get-health.mdx
added api-reference/endpoints/get-health.mdx
[2K[1A[2K[1A[2K[1A[2K[1A[2K[1A[2K[1A[2K[1A[2K[1A[2K[1A[2K[1A[2K[1A[2K[1A[2K[1A[2K[1A[2K[1A[2K[1A[2K[1A[2K[1A[2K[1A[2K[1A[2K[1A[2K[1A[2K[1A[2K[1A[2K[1A[2K[Gwarning - "GET /subscriptions/{subscription_id}" is referenced in the docs.json navigation but the file does not exist.
update available - run `mintlify update` to get the latest version

✓ preview ready

  local   → http://localhost:3030
  network → http://192.168.68.54:3030

press ctrl+c to exit the preview

± changes
edited mint.json
edited guides/quickstart.mdx
edited guides/primitives/event-log.mdx
edited guides/primitives/materialized-state.mdx
edited guides/primitives/subscriptions.mdx
edited guides/primitives/time-travel.mdx
edited integrations/python-sdk.mdx
edited integrations/node-sdk.mdx
edited integrations/langchain.mdx
edited api-reference/introduction.mdx
edited mint.json
edited openapi.yaml
edited mint.json
edited api-reference/endpoints/get-health.mdx
added api-reference/endpoints/get-health.mdx
[2K[1A[2K[1A[2K[1A[2K[1A[2K[1A[2K[1A[2K[1A[2K[1A[2K[1A[2K[1A[2K[1A[2K[1A[2K[1A[2K[1A[2K[1A[2K[1A[2K[1A[2K[1A[2K[1A[2K[1A[2K[1A[2K[1A[2K[1A[2K[1A[2K[1A[2K[Gwarning - "POST /subscriptions/{subscription_id}/pause" is referenced in the docs.json navigation but the file does not exist.
update available - run `mintlify update` to get the latest version

✓ preview ready

  local   → http://localhost:3030
  network → http://192.168.68.54:3030

press ctrl+c to exit the preview

± changes
edited mint.json
edited guides/quickstart.mdx
edited guides/primitives/event-log.mdx
edited guides/primitives/materialized-state.mdx
edited guides/primitives/subscriptions.mdx
edited guides/primitives/time-travel.mdx
edited integrations/python-sdk.mdx
edited integrations/node-sdk.mdx
edited integrations/langchain.mdx
edited api-reference/introduction.mdx
edited mint.json
edited openapi.yaml
edited mint.json
edited api-reference/endpoints/get-health.mdx
added api-reference/endpoints/get-health.mdx
[2K[1A[2K[1A[2K[1A[2K[1A[2K[1A[2K[1A[2K[1A[2K[1A[2K[1A[2K[1A[2K[1A[2K[1A[2K[1A[2K[1A[2K[1A[2K[1A[2K[1A[2K[1A[2K[1A[2K[1A[2K[1A[2K[1A[2K[1A[2K[1A[2K[1A[2K[Gwarning - "POST /subscriptions/{subscription_id}/resume" is referenced in the docs.json navigation but the file does not exist.
update available - run `mintlify update` to get the latest version

✓ preview ready

  local   → http://localhost:3030
  network → http://192.168.68.54:3030

press ctrl+c to exit the preview

± changes
edited mint.json
edited guides/quickstart.mdx
edited guides/primitives/event-log.mdx
edited guides/primitives/materialized-state.mdx
edited guides/primitives/subscriptions.mdx
edited guides/primitives/time-travel.mdx
edited integrations/python-sdk.mdx
edited integrations/node-sdk.mdx
edited integrations/langchain.mdx
edited api-reference/introduction.mdx
edited mint.json
edited openapi.yaml
edited mint.json
edited api-reference/endpoints/get-health.mdx
added api-reference/endpoints/get-health.mdx
[2K[1A[2K[1A[2K[1A[2K[1A[2K[1A[2K[1A[2K[1A[2K[1A[2K[1A[2K[1A[2K[1A[2K[1A[2K[1A[2K[1A[2K[1A[2K[1A[2K[1A[2K[1A[2K[1A[2K[1A[2K[1A[2K[1A[2K[1A[2K[1A[2K[1A[2K[Gwarning - "GET /delivery-trace/{subscription_id}" is referenced in the docs.json navigation but the file does not exist.
update available - run `mintlify update` to get the latest version

✓ preview ready

  local   → http://localhost:3030
  network → http://192.168.68.54:3030

press ctrl+c to exit the preview

± changes
edited mint.json
edited guides/quickstart.mdx
edited guides/primitives/event-log.mdx
edited guides/primitives/materialized-state.mdx
edited guides/primitives/subscriptions.mdx
edited guides/primitives/time-travel.mdx
edited integrations/python-sdk.mdx
edited integrations/node-sdk.mdx
edited integrations/langchain.mdx
edited api-reference/introduction.mdx
edited mint.json
edited openapi.yaml
edited mint.json
edited api-reference/endpoints/get-health.mdx
added api-reference/endpoints/get-health.mdx
[2K[1A[2K[1A[2K[1A[2K[1A[2K[1A[2K[1A[2K[1A[2K[1A[2K[1A[2K[1A[2K[1A[2K[1A[2K[1A[2K[1A[2K[1A[2K[1A[2K[1A[2K[1A[2K[1A[2K[1A[2K[1A[2K[1A[2K[1A[2K[1A[2K[1A[2K[Gwarning - "POST /replay" is referenced in the docs.json navigation but the file does not exist.
update available - run `mintlify update` to get the latest version

✓ preview ready

  local   → http://localhost:3030
  network → http://192.168.68.54:3030

press ctrl+c to exit the preview

± changes
edited mint.json
edited guides/quickstart.mdx
edited guides/primitives/event-log.mdx
edited guides/primitives/materialized-state.mdx
edited guides/primitives/subscriptions.mdx
edited guides/primitives/time-travel.mdx
edited integrations/python-sdk.mdx
edited integrations/node-sdk.mdx
edited integrations/langchain.mdx
edited api-reference/introduction.mdx
edited mint.json
edited openapi.yaml
edited mint.json
edited api-reference/endpoints/get-health.mdx
added api-reference/endpoints/get-health.mdx
[2K[1A[2K[1A[2K[1A[2K[1A[2K[1A[2K[1A[2K[1A[2K[1A[2K[1A[2K[1A[2K[1A[2K[1A[2K[1A[2K[1A[2K[1A[2K[1A[2K[1A[2K[1A[2K[1A[2K[1A[2K[1A[2K[1A[2K[1A[2K[1A[2K[1A[2K[Gwarning - "GET /analytics/account-daily" is referenced in the docs.json navigation but the file does not exist.
update available - run `mintlify update` to get the latest version

✓ preview ready

  local   → http://localhost:3030
  network → http://192.168.68.54:3030

press ctrl+c to exit the preview

± changes
edited mint.json
edited guides/quickstart.mdx
edited guides/primitives/event-log.mdx
edited guides/primitives/materialized-state.mdx
edited guides/primitives/subscriptions.mdx
edited guides/primitives/time-travel.mdx
edited integrations/python-sdk.mdx
edited integrations/node-sdk.mdx
edited integrations/langchain.mdx
edited api-reference/introduction.mdx
edited mint.json
edited openapi.yaml
edited mint.json
edited api-reference/endpoints/get-health.mdx
added api-reference/endpoints/get-health.mdx
[2K[1A[2K[1A[2K[1A[2K[1A[2K[1A[2K[1A[2K[1A[2K[1A[2K[1A[2K[1A[2K[1A[2K[1A[2K[1A[2K[1A[2K[1A[2K[1A[2K[1A[2K[1A[2K[1A[2K[1A[2K[1A[2K[1A[2K[1A[2K[1A[2K[1A[2K[Gwarning - "GET /health" is referenced in the docs.json navigation but the file does not exist.
update available - run `mintlify update` to get the latest version

✓ preview ready

  local   → http://localhost:3030
  network → http://192.168.68.54:3030

press ctrl+c to exit the preview

± changes
edited mint.json
edited guides/quickstart.mdx
edited guides/primitives/event-log.mdx
edited guides/primitives/materialized-state.mdx
edited guides/primitives/subscriptions.mdx
edited guides/primitives/time-travel.mdx
edited integrations/python-sdk.mdx
edited integrations/node-sdk.mdx
edited integrations/langchain.mdx
edited api-reference/introduction.mdx
edited mint.json
edited openapi.yaml
edited mint.json
edited api-reference/endpoints/get-health.mdx
added api-reference/endpoints/get-health.mdx
[2K[1A[2K[1A[2K[1A[2K[1A[2K[1A[2K[1A[2K[1A[2K[1A[2K[1A[2K[1A[2K[1A[2K[1A[2K[1A[2K[1A[2K[1A[2K[1A[2K[1A[2K[1A[2K[1A[2K[1A[2K[1A[2K[1A[2K[1A[2K[1A[2K[1A[2K[Gwarning - "POST /events" is referenced in the docs.json navigation but the file does not exist.
update available - run `mintlify update` to get the latest version

✓ preview ready

  local   → http://localhost:3030
  network → http://192.168.68.54:3030

press ctrl+c to exit the preview

± changes
edited mint.json
edited guides/quickstart.mdx
edited guides/primitives/event-log.mdx
edited guides/primitives/materialized-state.mdx
edited guides/primitives/subscriptions.mdx
edited guides/primitives/time-travel.mdx
edited integrations/python-sdk.mdx
edited integrations/node-sdk.mdx
edited integrations/langchain.mdx
edited api-reference/introduction.mdx
edited mint.json
edited openapi.yaml
edited mint.json
edited api-reference/endpoints/get-health.mdx
added api-reference/endpoints/get-health.mdx
[2K[1A[2K[1A[2K[1A[2K[1A[2K[1A[2K[1A[2K[1A[2K[1A[2K[1A[2K[1A[2K[1A[2K[1A[2K[1A[2K[1A[2K[1A[2K[1A[2K[1A[2K[1A[2K[1A[2K[1A[2K[1A[2K[1A[2K[1A[2K[1A[2K[1A[2K[Gwarning - "GET /events" is referenced in the docs.json navigation but the file does not exist.
update available - run `mintlify update` to get the latest version

✓ preview ready

  local   → http://localhost:3030
  network → http://192.168.68.54:3030

press ctrl+c to exit the preview

± changes
edited mint.json
edited guides/quickstart.mdx
edited guides/primitives/event-log.mdx
edited guides/primitives/materialized-state.mdx
edited guides/primitives/subscriptions.mdx
edited guides/primitives/time-travel.mdx
edited integrations/python-sdk.mdx
edited integrations/node-sdk.mdx
edited integrations/langchain.mdx
edited api-reference/introduction.mdx
edited mint.json
edited openapi.yaml
edited mint.json
edited api-reference/endpoints/get-health.mdx
added api-reference/endpoints/get-health.mdx
[2K[1A[2K[1A[2K[1A[2K[1A[2K[1A[2K[1A[2K[1A[2K[1A[2K[1A[2K[1A[2K[1A[2K[1A[2K[1A[2K[1A[2K[1A[2K[1A[2K[1A[2K[1A[2K[1A[2K[1A[2K[1A[2K[1A[2K[1A[2K[1A[2K[1A[2K[Gwarning - "GET /state/{entity_type}/{entity_id}" is referenced in the docs.json navigation but the file does not exist.
update available - run `mintlify update` to get the latest version

✓ preview ready

  local   → http://localhost:3030
  network → http://192.168.68.54:3030

press ctrl+c to exit the preview

± changes
edited mint.json
edited guides/quickstart.mdx
edited guides/primitives/event-log.mdx
edited guides/primitives/materialized-state.mdx
edited guides/primitives/subscriptions.mdx
edited guides/primitives/time-travel.mdx
edited integrations/python-sdk.mdx
edited integrations/node-sdk.mdx
edited integrations/langchain.mdx
edited api-reference/introduction.mdx
edited mint.json
edited openapi.yaml
edited mint.json
edited api-reference/endpoints/get-health.mdx
added api-reference/endpoints/get-health.mdx
[2K[1A[2K[1A[2K[1A[2K[1A[2K[1A[2K[1A[2K[1A[2K[1A[2K[1A[2K[1A[2K[1A[2K[1A[2K[1A[2K[1A[2K[1A[2K[1A[2K[1A[2K[1A[2K[1A[2K[1A[2K[1A[2K[1A[2K[1A[2K[1A[2K[1A[2K[Gwarning - "GET /state/{entity_type}/{entity_id}/at" is referenced in the docs.json navigation but the file does not exist.
update available - run `mintlify update` to get the latest version

✓ preview ready

  local   → http://localhost:3030
  network → http://192.168.68.54:3030

press ctrl+c to exit the preview

± changes
edited mint.json
edited guides/quickstart.mdx
edited guides/primitives/event-log.mdx
edited guides/primitives/materialized-state.mdx
edited guides/primitives/subscriptions.mdx
edited guides/primitives/time-travel.mdx
edited integrations/python-sdk.mdx
edited integrations/node-sdk.mdx
edited integrations/langchain.mdx
edited api-reference/introduction.mdx
edited mint.json
edited openapi.yaml
edited mint.json
edited api-reference/endpoints/get-health.mdx
added api-reference/endpoints/get-health.mdx
[2K[1A[2K[1A[2K[1A[2K[1A[2K[1A[2K[1A[2K[1A[2K[1A[2K[1A[2K[1A[2K[1A[2K[1A[2K[1A[2K[1A[2K[1A[2K[1A[2K[1A[2K[1A[2K[1A[2K[1A[2K[1A[2K[1A[2K[1A[2K[1A[2K[1A[2K[Gwarning - "POST /subscriptions" is referenced in the docs.json navigation but the file does not exist.
update available - run `mintlify update` to get the latest version

✓ preview ready

  local   → http://localhost:3030
  network → http://192.168.68.54:3030

press ctrl+c to exit the preview

± changes
edited mint.json
edited guides/quickstart.mdx
edited guides/primitives/event-log.mdx
edited guides/primitives/materialized-state.mdx
edited guides/primitives/subscriptions.mdx
edited guides/primitives/time-travel.mdx
edited integrations/python-sdk.mdx
edited integrations/node-sdk.mdx
edited integrations/langchain.mdx
edited api-reference/introduction.mdx
edited mint.json
edited openapi.yaml
edited mint.json
edited api-reference/endpoints/get-health.mdx
added api-reference/endpoints/get-health.mdx
[2K[1A[2K[1A[2K[1A[2K[1A[2K[1A[2K[1A[2K[1A[2K[1A[2K[1A[2K[1A[2K[1A[2K[1A[2K[1A[2K[1A[2K[1A[2K[1A[2K[1A[2K[1A[2K[1A[2K[1A[2K[1A[2K[1A[2K[1A[2K[1A[2K[1A[2K[Gwarning - "GET /subscriptions/{subscription_id}" is referenced in the docs.json navigation but the file does not exist.
update available - run `mintlify update` to get the latest version

✓ preview ready

  local   → http://localhost:3030
  network → http://192.168.68.54:3030

press ctrl+c to exit the preview

± changes
edited mint.json
edited guides/quickstart.mdx
edited guides/primitives/event-log.mdx
edited guides/primitives/materialized-state.mdx
edited guides/primitives/subscriptions.mdx
edited guides/primitives/time-travel.mdx
edited integrations/python-sdk.mdx
edited integrations/node-sdk.mdx
edited integrations/langchain.mdx
edited api-reference/introduction.mdx
edited mint.json
edited openapi.yaml
edited mint.json
edited api-reference/endpoints/get-health.mdx
added api-reference/endpoints/get-health.mdx
[2K[1A[2K[1A[2K[1A[2K[1A[2K[1A[2K[1A[2K[1A[2K[1A[2K[1A[2K[1A[2K[1A[2K[1A[2K[1A[2K[1A[2K[1A[2K[1A[2K[1A[2K[1A[2K[1A[2K[1A[2K[1A[2K[1A[2K[1A[2K[1A[2K[1A[2K[Gwarning - "POST /subscriptions/{subscription_id}/pause" is referenced in the docs.json navigation but the file does not exist.
update available - run `mintlify update` to get the latest version

✓ preview ready

  local   → http://localhost:3030
  network → http://192.168.68.54:3030

press ctrl+c to exit the preview

± changes
edited mint.json
edited guides/quickstart.mdx
edited guides/primitives/event-log.mdx
edited guides/primitives/materialized-state.mdx
edited guides/primitives/subscriptions.mdx
edited guides/primitives/time-travel.mdx
edited integrations/python-sdk.mdx
edited integrations/node-sdk.mdx
edited integrations/langchain.mdx
edited api-reference/introduction.mdx
edited mint.json
edited openapi.yaml
edited mint.json
edited api-reference/endpoints/get-health.mdx
added api-reference/endpoints/get-health.mdx
[2K[1A[2K[1A[2K[1A[2K[1A[2K[1A[2K[1A[2K[1A[2K[1A[2K[1A[2K[1A[2K[1A[2K[1A[2K[1A[2K[1A[2K[1A[2K[1A[2K[1A[2K[1A[2K[1A[2K[1A[2K[1A[2K[1A[2K[1A[2K[1A[2K[1A[2K[Gwarning - "POST /subscriptions/{subscription_id}/resume" is referenced in the docs.json navigation but the file does not exist.
update available - run `mintlify update` to get the latest version

✓ preview ready

  local   → http://localhost:3030
  network → http://192.168.68.54:3030

press ctrl+c to exit the preview

± changes
edited mint.json
edited guides/quickstart.mdx
edited guides/primitives/event-log.mdx
edited guides/primitives/materialized-state.mdx
edited guides/primitives/subscriptions.mdx
edited guides/primitives/time-travel.mdx
edited integrations/python-sdk.mdx
edited integrations/node-sdk.mdx
edited integrations/langchain.mdx
edited api-reference/introduction.mdx
edited mint.json
edited openapi.yaml
edited mint.json
edited api-reference/endpoints/get-health.mdx
added api-reference/endpoints/get-health.mdx
[2K[1A[2K[1A[2K[1A[2K[1A[2K[1A[2K[1A[2K[1A[2K[1A[2K[1A[2K[1A[2K[1A[2K[1A[2K[1A[2K[1A[2K[1A[2K[1A[2K[1A[2K[1A[2K[1A[2K[1A[2K[1A[2K[1A[2K[1A[2K[1A[2K[1A[2K[Gwarning - "GET /delivery-trace/{subscription_id}" is referenced in the docs.json navigation but the file does not exist.
update available - run `mintlify update` to get the latest version

✓ preview ready

  local   → http://localhost:3030
  network → http://192.168.68.54:3030

press ctrl+c to exit the preview

± changes
edited mint.json
edited guides/quickstart.mdx
edited guides/primitives/event-log.mdx
edited guides/primitives/materialized-state.mdx
edited guides/primitives/subscriptions.mdx
edited guides/primitives/time-travel.mdx
edited integrations/python-sdk.mdx
edited integrations/node-sdk.mdx
edited integrations/langchain.mdx
edited api-reference/introduction.mdx
edited mint.json
edited openapi.yaml
edited mint.json
edited api-reference/endpoints/get-health.mdx
added api-reference/endpoints/get-health.mdx
[2K[1A[2K[1A[2K[1A[2K[1A[2K[1A[2K[1A[2K[1A[2K[1A[2K[1A[2K[1A[2K[1A[2K[1A[2K[1A[2K[1A[2K[1A[2K[1A[2K[1A[2K[1A[2K[1A[2K[1A[2K[1A[2K[1A[2K[1A[2K[1A[2K[1A[2K[Gwarning - "POST /replay" is referenced in the docs.json navigation but the file does not exist.
update available - run `mintlify update` to get the latest version

✓ preview ready

  local   → http://localhost:3030
  network → http://192.168.68.54:3030

press ctrl+c to exit the preview

± changes
edited mint.json
edited guides/quickstart.mdx
edited guides/primitives/event-log.mdx
edited guides/primitives/materialized-state.mdx
edited guides/primitives/subscriptions.mdx
edited guides/primitives/time-travel.mdx
edited integrations/python-sdk.mdx
edited integrations/node-sdk.mdx
edited integrations/langchain.mdx
edited api-reference/introduction.mdx
edited mint.json
edited openapi.yaml
edited mint.json
edited api-reference/endpoints/get-health.mdx
added api-reference/endpoints/get-health.mdx
[2K[1A[2K[1A[2K[1A[2K[1A[2K[1A[2K[1A[2K[1A[2K[1A[2K[1A[2K[1A[2K[1A[2K[1A[2K[1A[2K[1A[2K[1A[2K[1A[2K[1A[2K[1A[2K[1A[2K[1A[2K[1A[2K[1A[2K[1A[2K[1A[2K[1A[2K[Gwarning - "GET /analytics/account-daily" is referenced in the docs.json navigation but the file does not exist.
update available - run `mintlify update` to get the latest version

✓ preview ready

  local   → http://localhost:3030
  network → http://192.168.68.54:3030

press ctrl+c to exit the preview

± changes
edited mint.json
edited guides/quickstart.mdx
edited guides/primitives/event-log.mdx
edited guides/primitives/materialized-state.mdx
edited guides/primitives/subscriptions.mdx
edited guides/primitives/time-travel.mdx
edited integrations/python-sdk.mdx
edited integrations/node-sdk.mdx
edited integrations/langchain.mdx
edited api-reference/introduction.mdx
edited mint.json
edited openapi.yaml
edited mint.json
edited api-reference/endpoints/get-health.mdx
added api-reference/endpoints/get-health.mdx
[2K[1A[2K[1A[2K[1A[2K[1A[2K[1A[2K[1A[2K[1A[2K[1A[2K[1A[2K[1A[2K[1A[2K[1A[2K[1A[2K[1A[2K[1A[2K[1A[2K[1A[2K[1A[2K[1A[2K[1A[2K[1A[2K[1A[2K[1A[2K[1A[2K[1A[2K[Gwarning - "GET /health" is referenced in the docs.json navigation but the file does not exist.
update available - run `mintlify update` to get the latest version

✓ preview ready

  local   → http://localhost:3030
  network → http://192.168.68.54:3030

press ctrl+c to exit the preview

± changes
edited mint.json
edited guides/quickstart.mdx
edited guides/primitives/event-log.mdx
edited guides/primitives/materialized-state.mdx
edited guides/primitives/subscriptions.mdx
edited guides/primitives/time-travel.mdx
edited integrations/python-sdk.mdx
edited integrations/node-sdk.mdx
edited integrations/langchain.mdx
edited api-reference/introduction.mdx
edited mint.json
edited openapi.yaml
edited mint.json
edited api-reference/endpoints/get-health.mdx
added api-reference/endpoints/get-health.mdx
[2K[1A[2K[1A[2K[1A[2K[1A[2K[1A[2K[1A[2K[1A[2K[1A[2K[1A[2K[1A[2K[1A[2K[1A[2K[1A[2K[1A[2K[1A[2K[1A[2K[1A[2K[1A[2K[1A[2K[1A[2K[1A[2K[1A[2K[1A[2K[1A[2K[1A[2K[Gwarning - "POST /events" is referenced in the docs.json navigation but the file does not exist.
update available - run `mintlify update` to get the latest version

✓ preview ready

  local   → http://localhost:3030
  network → http://192.168.68.54:3030

press ctrl+c to exit the preview

± changes
edited mint.json
edited guides/quickstart.mdx
edited guides/primitives/event-log.mdx
edited guides/primitives/materialized-state.mdx
edited guides/primitives/subscriptions.mdx
edited guides/primitives/time-travel.mdx
edited integrations/python-sdk.mdx
edited integrations/node-sdk.mdx
edited integrations/langchain.mdx
edited api-reference/introduction.mdx
edited mint.json
edited openapi.yaml
edited mint.json
edited api-reference/endpoints/get-health.mdx
added api-reference/endpoints/get-health.mdx
[2K[1A[2K[1A[2K[1A[2K[1A[2K[1A[2K[1A[2K[1A[2K[1A[2K[1A[2K[1A[2K[1A[2K[1A[2K[1A[2K[1A[2K[1A[2K[1A[2K[1A[2K[1A[2K[1A[2K[1A[2K[1A[2K[1A[2K[1A[2K[1A[2K[1A[2K[Gwarning - "GET /events" is referenced in the docs.json navigation but the file does not exist.
update available - run `mintlify update` to get the latest version

✓ preview ready

  local   → http://localhost:3030
  network → http://192.168.68.54:3030

press ctrl+c to exit the preview

± changes
edited mint.json
edited guides/quickstart.mdx
edited guides/primitives/event-log.mdx
edited guides/primitives/materialized-state.mdx
edited guides/primitives/subscriptions.mdx
edited guides/primitives/time-travel.mdx
edited integrations/python-sdk.mdx
edited integrations/node-sdk.mdx
edited integrations/langchain.mdx
edited api-reference/introduction.mdx
edited mint.json
edited openapi.yaml
edited mint.json
edited api-reference/endpoints/get-health.mdx
added api-reference/endpoints/get-health.mdx
[2K[1A[2K[1A[2K[1A[2K[1A[2K[1A[2K[1A[2K[1A[2K[1A[2K[1A[2K[1A[2K[1A[2K[1A[2K[1A[2K[1A[2K[1A[2K[1A[2K[1A[2K[1A[2K[1A[2K[1A[2K[1A[2K[1A[2K[1A[2K[1A[2K[1A[2K[Gwarning - "GET /state/{entity_type}/{entity_id}" is referenced in the docs.json navigation but the file does not exist.
update available - run `mintlify update` to get the latest version

✓ preview ready

  local   → http://localhost:3030
  network → http://192.168.68.54:3030

press ctrl+c to exit the preview

± changes
edited mint.json
edited guides/quickstart.mdx
edited guides/primitives/event-log.mdx
edited guides/primitives/materialized-state.mdx
edited guides/primitives/subscriptions.mdx
edited guides/primitives/time-travel.mdx
edited integrations/python-sdk.mdx
edited integrations/node-sdk.mdx
edited integrations/langchain.mdx
edited api-reference/introduction.mdx
edited mint.json
edited openapi.yaml
edited mint.json
edited api-reference/endpoints/get-health.mdx
added api-reference/endpoints/get-health.mdx
[2K[1A[2K[1A[2K[1A[2K[1A[2K[1A[2K[1A[2K[1A[2K[1A[2K[1A[2K[1A[2K[1A[2K[1A[2K[1A[2K[1A[2K[1A[2K[1A[2K[1A[2K[1A[2K[1A[2K[1A[2K[1A[2K[1A[2K[1A[2K[1A[2K[1A[2K[Gwarning - "GET /state/{entity_type}/{entity_id}/at" is referenced in the docs.json navigation but the file does not exist.
update available - run `mintlify update` to get the latest version

✓ preview ready

  local   → http://localhost:3030
  network → http://192.168.68.54:3030

press ctrl+c to exit the preview

± changes
edited mint.json
edited guides/quickstart.mdx
edited guides/primitives/event-log.mdx
edited guides/primitives/materialized-state.mdx
edited guides/primitives/subscriptions.mdx
edited guides/primitives/time-travel.mdx
edited integrations/python-sdk.mdx
edited integrations/node-sdk.mdx
edited integrations/langchain.mdx
edited api-reference/introduction.mdx
edited mint.json
edited openapi.yaml
edited mint.json
edited api-reference/endpoints/get-health.mdx
added api-reference/endpoints/get-health.mdx
[2K[1A[2K[1A[2K[1A[2K[1A[2K[1A[2K[1A[2K[1A[2K[1A[2K[1A[2K[1A[2K[1A[2K[1A[2K[1A[2K[1A[2K[1A[2K[1A[2K[1A[2K[1A[2K[1A[2K[1A[2K[1A[2K[1A[2K[1A[2K[1A[2K[1A[2K[Gwarning - "POST /subscriptions" is referenced in the docs.json navigation but the file does not exist.
update available - run `mintlify update` to get the latest version

✓ preview ready

  local   → http://localhost:3030
  network → http://192.168.68.54:3030

press ctrl+c to exit the preview

± changes
edited mint.json
edited guides/quickstart.mdx
edited guides/primitives/event-log.mdx
edited guides/primitives/materialized-state.mdx
edited guides/primitives/subscriptions.mdx
edited guides/primitives/time-travel.mdx
edited integrations/python-sdk.mdx
edited integrations/node-sdk.mdx
edited integrations/langchain.mdx
edited api-reference/introduction.mdx
edited mint.json
edited openapi.yaml
edited mint.json
edited api-reference/endpoints/get-health.mdx
added api-reference/endpoints/get-health.mdx
[2K[1A[2K[1A[2K[1A[2K[1A[2K[1A[2K[1A[2K[1A[2K[1A[2K[1A[2K[1A[2K[1A[2K[1A[2K[1A[2K[1A[2K[1A[2K[1A[2K[1A[2K[1A[2K[1A[2K[1A[2K[1A[2K[1A[2K[1A[2K[1A[2K[1A[2K[Gwarning - "GET /subscriptions/{subscription_id}" is referenced in the docs.json navigation but the file does not exist.
update available - run `mintlify update` to get the latest version

✓ preview ready

  local   → http://localhost:3030
  network → http://192.168.68.54:3030

press ctrl+c to exit the preview

± changes
edited mint.json
edited guides/quickstart.mdx
edited guides/primitives/event-log.mdx
edited guides/primitives/materialized-state.mdx
edited guides/primitives/subscriptions.mdx
edited guides/primitives/time-travel.mdx
edited integrations/python-sdk.mdx
edited integrations/node-sdk.mdx
edited integrations/langchain.mdx
edited api-reference/introduction.mdx
edited mint.json
edited openapi.yaml
edited mint.json
edited api-reference/endpoints/get-health.mdx
added api-reference/endpoints/get-health.mdx
[2K[1A[2K[1A[2K[1A[2K[1A[2K[1A[2K[1A[2K[1A[2K[1A[2K[1A[2K[1A[2K[1A[2K[1A[2K[1A[2K[1A[2K[1A[2K[1A[2K[1A[2K[1A[2K[1A[2K[1A[2K[1A[2K[1A[2K[1A[2K[1A[2K[1A[2K[Gwarning - "POST /subscriptions/{subscription_id}/pause" is referenced in the docs.json navigation but the file does not exist.
update available - run `mintlify update` to get the latest version

✓ preview ready

  local   → http://localhost:3030
  network → http://192.168.68.54:3030

press ctrl+c to exit the preview

± changes
edited mint.json
edited guides/quickstart.mdx
edited guides/primitives/event-log.mdx
edited guides/primitives/materialized-state.mdx
edited guides/primitives/subscriptions.mdx
edited guides/primitives/time-travel.mdx
edited integrations/python-sdk.mdx
edited integrations/node-sdk.mdx
edited integrations/langchain.mdx
edited api-reference/introduction.mdx
edited mint.json
edited openapi.yaml
edited mint.json
edited api-reference/endpoints/get-health.mdx
added api-reference/endpoints/get-health.mdx
[2K[1A[2K[1A[2K[1A[2K[1A[2K[1A[2K[1A[2K[1A[2K[1A[2K[1A[2K[1A[2K[1A[2K[1A[2K[1A[2K[1A[2K[1A[2K[1A[2K[1A[2K[1A[2K[1A[2K[1A[2K[1A[2K[1A[2K[1A[2K[1A[2K[1A[2K[Gwarning - "POST /subscriptions/{subscription_id}/resume" is referenced in the docs.json navigation but the file does not exist.
update available - run `mintlify update` to get the latest version

✓ preview ready

  local   → http://localhost:3030
  network → http://192.168.68.54:3030

press ctrl+c to exit the preview

± changes
edited mint.json
edited guides/quickstart.mdx
edited guides/primitives/event-log.mdx
edited guides/primitives/materialized-state.mdx
edited guides/primitives/subscriptions.mdx
edited guides/primitives/time-travel.mdx
edited integrations/python-sdk.mdx
edited integrations/node-sdk.mdx
edited integrations/langchain.mdx
edited api-reference/introduction.mdx
edited mint.json
edited openapi.yaml
edited mint.json
edited api-reference/endpoints/get-health.mdx
added api-reference/endpoints/get-health.mdx
[2K[1A[2K[1A[2K[1A[2K[1A[2K[1A[2K[1A[2K[1A[2K[1A[2K[1A[2K[1A[2K[1A[2K[1A[2K[1A[2K[1A[2K[1A[2K[1A[2K[1A[2K[1A[2K[1A[2K[1A[2K[1A[2K[1A[2K[1A[2K[1A[2K[1A[2K[Gwarning - "GET /delivery-trace/{subscription_id}" is referenced in the docs.json navigation but the file does not exist.
update available - run `mintlify update` to get the latest version

✓ preview ready

  local   → http://localhost:3030
  network → http://192.168.68.54:3030

press ctrl+c to exit the preview

± changes
edited mint.json
edited guides/quickstart.mdx
edited guides/primitives/event-log.mdx
edited guides/primitives/materialized-state.mdx
edited guides/primitives/subscriptions.mdx
edited guides/primitives/time-travel.mdx
edited integrations/python-sdk.mdx
edited integrations/node-sdk.mdx
edited integrations/langchain.mdx
edited api-reference/introduction.mdx
edited mint.json
edited openapi.yaml
edited mint.json
edited api-reference/endpoints/get-health.mdx
added api-reference/endpoints/get-health.mdx
[2K[1A[2K[1A[2K[1A[2K[1A[2K[1A[2K[1A[2K[1A[2K[1A[2K[1A[2K[1A[2K[1A[2K[1A[2K[1A[2K[1A[2K[1A[2K[1A[2K[1A[2K[1A[2K[1A[2K[1A[2K[1A[2K[1A[2K[1A[2K[1A[2K[1A[2K[Gwarning - "POST /replay" is referenced in the docs.json navigation but the file does not exist.
update available - run `mintlify update` to get the latest version

✓ preview ready

  local   → http://localhost:3030
  network → http://192.168.68.54:3030

press ctrl+c to exit the preview

± changes
edited mint.json
edited guides/quickstart.mdx
edited guides/primitives/event-log.mdx
edited guides/primitives/materialized-state.mdx
edited guides/primitives/subscriptions.mdx
edited guides/primitives/time-travel.mdx
edited integrations/python-sdk.mdx
edited integrations/node-sdk.mdx
edited integrations/langchain.mdx
edited api-reference/introduction.mdx
edited mint.json
edited openapi.yaml
edited mint.json
edited api-reference/endpoints/get-health.mdx
added api-reference/endpoints/get-health.mdx
[2K[1A[2K[1A[2K[1A[2K[1A[2K[1A[2K[1A[2K[1A[2K[1A[2K[1A[2K[1A[2K[1A[2K[1A[2K[1A[2K[1A[2K[1A[2K[1A[2K[1A[2K[1A[2K[1A[2K[1A[2K[1A[2K[1A[2K[1A[2K[1A[2K[1A[2K[Gwarning - "GET /analytics/account-daily" is referenced in the docs.json navigation but the file does not exist.
update available - run `mintlify update` to get the latest version

✓ preview ready

  local   → http://localhost:3030
  network → http://192.168.68.54:3030

press ctrl+c to exit the preview

± changes
edited mint.json
edited guides/quickstart.mdx
edited guides/primitives/event-log.mdx
edited guides/primitives/materialized-state.mdx
edited guides/primitives/subscriptions.mdx
edited guides/primitives/time-travel.mdx
edited integrations/python-sdk.mdx
edited integrations/node-sdk.mdx
edited integrations/langchain.mdx
edited api-reference/introduction.mdx
edited mint.json
edited openapi.yaml
edited mint.json
edited api-reference/endpoints/get-health.mdx
added api-reference/endpoints/get-health.mdx
[2K[1A[2K[1A[2K[1A[2K[1A[2K[1A[2K[1A[2K[1A[2K[1A[2K[1A[2K[1A[2K[1A[2K[1A[2K[1A[2K[1A[2K[1A[2K[1A[2K[1A[2K[1A[2K[1A[2K[1A[2K[1A[2K[1A[2K[1A[2K[1A[2K[1A[2K[Gwarning - "GET /health" is referenced in the docs.json navigation but the file does not exist.
update available - run `mintlify update` to get the latest version

✓ preview ready

  local   → http://localhost:3030
  network → http://192.168.68.54:3030

press ctrl+c to exit the preview

± changes
edited mint.json
edited guides/quickstart.mdx
edited guides/primitives/event-log.mdx
edited guides/primitives/materialized-state.mdx
edited guides/primitives/subscriptions.mdx
edited guides/primitives/time-travel.mdx
edited integrations/python-sdk.mdx
edited integrations/node-sdk.mdx
edited integrations/langchain.mdx
edited api-reference/introduction.mdx
edited mint.json
edited openapi.yaml
edited mint.json
edited api-reference/endpoints/get-health.mdx
added api-reference/endpoints/get-health.mdx
[2K[1A[2K[1A[2K[1A[2K[1A[2K[1A[2K[1A[2K[1A[2K[1A[2K[1A[2K[1A[2K[1A[2K[1A[2K[1A[2K[1A[2K[1A[2K[1A[2K[1A[2K[1A[2K[1A[2K[1A[2K[1A[2K[1A[2K[1A[2K[1A[2K[1A[2K[Gwarning - "POST /events" is referenced in the docs.json navigation but the file does not exist.
update available - run `mintlify update` to get the latest version

✓ preview ready

  local   → http://localhost:3030
  network → http://192.168.68.54:3030

press ctrl+c to exit the preview

± changes
edited mint.json
edited guides/quickstart.mdx
edited guides/primitives/event-log.mdx
edited guides/primitives/materialized-state.mdx
edited guides/primitives/subscriptions.mdx
edited guides/primitives/time-travel.mdx
edited integrations/python-sdk.mdx
edited integrations/node-sdk.mdx
edited integrations/langchain.mdx
edited api-reference/introduction.mdx
edited mint.json
edited openapi.yaml
edited mint.json
edited api-reference/endpoints/get-health.mdx
added api-reference/endpoints/get-health.mdx
[2K[1A[2K[1A[2K[1A[2K[1A[2K[1A[2K[1A[2K[1A[2K[1A[2K[1A[2K[1A[2K[1A[2K[1A[2K[1A[2K[1A[2K[1A[2K[1A[2K[1A[2K[1A[2K[1A[2K[1A[2K[1A[2K[1A[2K[1A[2K[1A[2K[1A[2K[Gwarning - "GET /events" is referenced in the docs.json navigation but the file does not exist.
update available - run `mintlify update` to get the latest version

✓ preview ready

  local   → http://localhost:3030
  network → http://192.168.68.54:3030

press ctrl+c to exit the preview

± changes
edited mint.json
edited guides/quickstart.mdx
edited guides/primitives/event-log.mdx
edited guides/primitives/materialized-state.mdx
edited guides/primitives/subscriptions.mdx
edited guides/primitives/time-travel.mdx
edited integrations/python-sdk.mdx
edited integrations/node-sdk.mdx
edited integrations/langchain.mdx
edited api-reference/introduction.mdx
edited mint.json
edited openapi.yaml
edited mint.json
edited api-reference/endpoints/get-health.mdx
added api-reference/endpoints/get-health.mdx
[2K[1A[2K[1A[2K[1A[2K[1A[2K[1A[2K[1A[2K[1A[2K[1A[2K[1A[2K[1A[2K[1A[2K[1A[2K[1A[2K[1A[2K[1A[2K[1A[2K[1A[2K[1A[2K[1A[2K[1A[2K[1A[2K[1A[2K[1A[2K[1A[2K[1A[2K[Gwarning - "GET /state/{entity_type}/{entity_id}" is referenced in the docs.json navigation but the file does not exist.
update available - run `mintlify update` to get the latest version

✓ preview ready

  local   → http://localhost:3030
  network → http://192.168.68.54:3030

press ctrl+c to exit the preview

± changes
edited mint.json
edited guides/quickstart.mdx
edited guides/primitives/event-log.mdx
edited guides/primitives/materialized-state.mdx
edited guides/primitives/subscriptions.mdx
edited guides/primitives/time-travel.mdx
edited integrations/python-sdk.mdx
edited integrations/node-sdk.mdx
edited integrations/langchain.mdx
edited api-reference/introduction.mdx
edited mint.json
edited openapi.yaml
edited mint.json
edited api-reference/endpoints/get-health.mdx
added api-reference/endpoints/get-health.mdx
[2K[1A[2K[1A[2K[1A[2K[1A[2K[1A[2K[1A[2K[1A[2K[1A[2K[1A[2K[1A[2K[1A[2K[1A[2K[1A[2K[1A[2K[1A[2K[1A[2K[1A[2K[1A[2K[1A[2K[1A[2K[1A[2K[1A[2K[1A[2K[1A[2K[1A[2K[Gwarning - "GET /state/{entity_type}/{entity_id}/at" is referenced in the docs.json navigation but the file does not exist.
update available - run `mintlify update` to get the latest version

✓ preview ready

  local   → http://localhost:3030
  network → http://192.168.68.54:3030

press ctrl+c to exit the preview

± changes
edited mint.json
edited guides/quickstart.mdx
edited guides/primitives/event-log.mdx
edited guides/primitives/materialized-state.mdx
edited guides/primitives/subscriptions.mdx
edited guides/primitives/time-travel.mdx
edited integrations/python-sdk.mdx
edited integrations/node-sdk.mdx
edited integrations/langchain.mdx
edited api-reference/introduction.mdx
edited mint.json
edited openapi.yaml
edited mint.json
edited api-reference/endpoints/get-health.mdx
added api-reference/endpoints/get-health.mdx
[2K[1A[2K[1A[2K[1A[2K[1A[2K[1A[2K[1A[2K[1A[2K[1A[2K[1A[2K[1A[2K[1A[2K[1A[2K[1A[2K[1A[2K[1A[2K[1A[2K[1A[2K[1A[2K[1A[2K[1A[2K[1A[2K[1A[2K[1A[2K[1A[2K[1A[2K[Gwarning - "POST /subscriptions" is referenced in the docs.json navigation but the file does not exist.
update available - run `mintlify update` to get the latest version

✓ preview ready

  local   → http://localhost:3030
  network → http://192.168.68.54:3030

press ctrl+c to exit the preview

± changes
edited mint.json
edited guides/quickstart.mdx
edited guides/primitives/event-log.mdx
edited guides/primitives/materialized-state.mdx
edited guides/primitives/subscriptions.mdx
edited guides/primitives/time-travel.mdx
edited integrations/python-sdk.mdx
edited integrations/node-sdk.mdx
edited integrations/langchain.mdx
edited api-reference/introduction.mdx
edited mint.json
edited openapi.yaml
edited mint.json
edited api-reference/endpoints/get-health.mdx
added api-reference/endpoints/get-health.mdx
[2K[1A[2K[1A[2K[1A[2K[1A[2K[1A[2K[1A[2K[1A[2K[1A[2K[1A[2K[1A[2K[1A[2K[1A[2K[1A[2K[1A[2K[1A[2K[1A[2K[1A[2K[1A[2K[1A[2K[1A[2K[1A[2K[1A[2K[1A[2K[1A[2K[1A[2K[Gwarning - "GET /subscriptions/{subscription_id}" is referenced in the docs.json navigation but the file does not exist.
update available - run `mintlify update` to get the latest version

✓ preview ready

  local   → http://localhost:3030
  network → http://192.168.68.54:3030

press ctrl+c to exit the preview

± changes
edited mint.json
edited guides/quickstart.mdx
edited guides/primitives/event-log.mdx
edited guides/primitives/materialized-state.mdx
edited guides/primitives/subscriptions.mdx
edited guides/primitives/time-travel.mdx
edited integrations/python-sdk.mdx
edited integrations/node-sdk.mdx
edited integrations/langchain.mdx
edited api-reference/introduction.mdx
edited mint.json
edited openapi.yaml
edited mint.json
edited api-reference/endpoints/get-health.mdx
added api-reference/endpoints/get-health.mdx
[2K[1A[2K[1A[2K[1A[2K[1A[2K[1A[2K[1A[2K[1A[2K[1A[2K[1A[2K[1A[2K[1A[2K[1A[2K[1A[2K[1A[2K[1A[2K[1A[2K[1A[2K[1A[2K[1A[2K[1A[2K[1A[2K[1A[2K[1A[2K[1A[2K[1A[2K[Gwarning - "POST /subscriptions/{subscription_id}/pause" is referenced in the docs.json navigation but the file does not exist.
update available - run `mintlify update` to get the latest version

✓ preview ready

  local   → http://localhost:3030
  network → http://192.168.68.54:3030

press ctrl+c to exit the preview

± changes
edited mint.json
edited guides/quickstart.mdx
edited guides/primitives/event-log.mdx
edited guides/primitives/materialized-state.mdx
edited guides/primitives/subscriptions.mdx
edited guides/primitives/time-travel.mdx
edited integrations/python-sdk.mdx
edited integrations/node-sdk.mdx
edited integrations/langchain.mdx
edited api-reference/introduction.mdx
edited mint.json
edited openapi.yaml
edited mint.json
edited api-reference/endpoints/get-health.mdx
added api-reference/endpoints/get-health.mdx
[2K[1A[2K[1A[2K[1A[2K[1A[2K[1A[2K[1A[2K[1A[2K[1A[2K[1A[2K[1A[2K[1A[2K[1A[2K[1A[2K[1A[2K[1A[2K[1A[2K[1A[2K[1A[2K[1A[2K[1A[2K[1A[2K[1A[2K[1A[2K[1A[2K[1A[2K[Gwarning - "POST /subscriptions/{subscription_id}/resume" is referenced in the docs.json navigation but the file does not exist.
update available - run `mintlify update` to get the latest version

✓ preview ready

  local   → http://localhost:3030
  network → http://192.168.68.54:3030

press ctrl+c to exit the preview

± changes
edited mint.json
edited guides/quickstart.mdx
edited guides/primitives/event-log.mdx
edited guides/primitives/materialized-state.mdx
edited guides/primitives/subscriptions.mdx
edited guides/primitives/time-travel.mdx
edited integrations/python-sdk.mdx
edited integrations/node-sdk.mdx
edited integrations/langchain.mdx
edited api-reference/introduction.mdx
edited mint.json
edited openapi.yaml
edited mint.json
edited api-reference/endpoints/get-health.mdx
added api-reference/endpoints/get-health.mdx
[2K[1A[2K[1A[2K[1A[2K[1A[2K[1A[2K[1A[2K[1A[2K[1A[2K[1A[2K[1A[2K[1A[2K[1A[2K[1A[2K[1A[2K[1A[2K[1A[2K[1A[2K[1A[2K[1A[2K[1A[2K[1A[2K[1A[2K[1A[2K[1A[2K[1A[2K[Gwarning - "GET /delivery-trace/{subscription_id}" is referenced in the docs.json navigation but the file does not exist.
update available - run `mintlify update` to get the latest version

✓ preview ready

  local   → http://localhost:3030
  network → http://192.168.68.54:3030

press ctrl+c to exit the preview

± changes
edited mint.json
edited guides/quickstart.mdx
edited guides/primitives/event-log.mdx
edited guides/primitives/materialized-state.mdx
edited guides/primitives/subscriptions.mdx
edited guides/primitives/time-travel.mdx
edited integrations/python-sdk.mdx
edited integrations/node-sdk.mdx
edited integrations/langchain.mdx
edited api-reference/introduction.mdx
edited mint.json
edited openapi.yaml
edited mint.json
edited api-reference/endpoints/get-health.mdx
added api-reference/endpoints/get-health.mdx
[2K[1A[2K[1A[2K[1A[2K[1A[2K[1A[2K[1A[2K[1A[2K[1A[2K[1A[2K[1A[2K[1A[2K[1A[2K[1A[2K[1A[2K[1A[2K[1A[2K[1A[2K[1A[2K[1A[2K[1A[2K[1A[2K[1A[2K[1A[2K[1A[2K[1A[2K[Gwarning - "POST /replay" is referenced in the docs.json navigation but the file does not exist.
update available - run `mintlify update` to get the latest version

✓ preview ready

  local   → http://localhost:3030
  network → http://192.168.68.54:3030

press ctrl+c to exit the preview

± changes
edited mint.json
edited guides/quickstart.mdx
edited guides/primitives/event-log.mdx
edited guides/primitives/materialized-state.mdx
edited guides/primitives/subscriptions.mdx
edited guides/primitives/time-travel.mdx
edited integrations/python-sdk.mdx
edited integrations/node-sdk.mdx
edited integrations/langchain.mdx
edited api-reference/introduction.mdx
edited mint.json
edited openapi.yaml
edited mint.json
edited api-reference/endpoints/get-health.mdx
added api-reference/endpoints/get-health.mdx
[2K[1A[2K[1A[2K[1A[2K[1A[2K[1A[2K[1A[2K[1A[2K[1A[2K[1A[2K[1A[2K[1A[2K[1A[2K[1A[2K[1A[2K[1A[2K[1A[2K[1A[2K[1A[2K[1A[2K[1A[2K[1A[2K[1A[2K[1A[2K[1A[2K[1A[2K[Gwarning - "GET /analytics/account-daily" is referenced in the docs.json navigation but the file does not exist.
update available - run `mintlify update` to get the latest version

✓ preview ready

  local   → http://localhost:3030
  network → http://192.168.68.54:3030

press ctrl+c to exit the preview

± changes
edited mint.json
edited guides/quickstart.mdx
edited guides/primitives/event-log.mdx
edited guides/primitives/materialized-state.mdx
edited guides/primitives/subscriptions.mdx
edited guides/primitives/time-travel.mdx
edited integrations/python-sdk.mdx
edited integrations/node-sdk.mdx
edited integrations/langchain.mdx
edited api-reference/introduction.mdx
edited mint.json
edited openapi.yaml
edited mint.json
edited api-reference/endpoints/get-health.mdx
added api-reference/endpoints/get-health.mdx
[2K[1A[2K[1A[2K[1A[2K[1A[2K[1A[2K[1A[2K[1A[2K[1A[2K[1A[2K[1A[2K[1A[2K[1A[2K[1A[2K[1A[2K[1A[2K[1A[2K[1A[2K[1A[2K[1A[2K[1A[2K[1A[2K[1A[2K[1A[2K[1A[2K[1A[2K[Gwarning - "GET /health" is referenced in the docs.json navigation but the file does not exist.
update available - run `mintlify update` to get the latest version

✓ preview ready

  local   → http://localhost:3030
  network → http://192.168.68.54:3030

press ctrl+c to exit the preview

± changes
edited mint.json
edited guides/quickstart.mdx
edited guides/primitives/event-log.mdx
edited guides/primitives/materialized-state.mdx
edited guides/primitives/subscriptions.mdx
edited guides/primitives/time-travel.mdx
edited integrations/python-sdk.mdx
edited integrations/node-sdk.mdx
edited integrations/langchain.mdx
edited api-reference/introduction.mdx
edited mint.json
edited openapi.yaml
edited mint.json
edited api-reference/endpoints/get-health.mdx
added api-reference/endpoints/get-health.mdx
[2K[1A[2K[1A[2K[1A[2K[1A[2K[1A[2K[1A[2K[1A[2K[1A[2K[1A[2K[1A[2K[1A[2K[1A[2K[1A[2K[1A[2K[1A[2K[1A[2K[1A[2K[1A[2K[1A[2K[1A[2K[1A[2K[1A[2K[1A[2K[1A[2K[1A[2K[Gwarning - "POST /events" is referenced in the docs.json navigation but the file does not exist.
update available - run `mintlify update` to get the latest version

✓ preview ready

  local   → http://localhost:3030
  network → http://192.168.68.54:3030

press ctrl+c to exit the preview

± changes
edited mint.json
edited guides/quickstart.mdx
edited guides/primitives/event-log.mdx
edited guides/primitives/materialized-state.mdx
edited guides/primitives/subscriptions.mdx
edited guides/primitives/time-travel.mdx
edited integrations/python-sdk.mdx
edited integrations/node-sdk.mdx
edited integrations/langchain.mdx
edited api-reference/introduction.mdx
edited mint.json
edited openapi.yaml
edited mint.json
edited api-reference/endpoints/get-health.mdx
added api-reference/endpoints/get-health.mdx
[2K[1A[2K[1A[2K[1A[2K[1A[2K[1A[2K[1A[2K[1A[2K[1A[2K[1A[2K[1A[2K[1A[2K[1A[2K[1A[2K[1A[2K[1A[2K[1A[2K[1A[2K[1A[2K[1A[2K[1A[2K[1A[2K[1A[2K[1A[2K[1A[2K[1A[2K[Gwarning - "GET /events" is referenced in the docs.json navigation but the file does not exist.
update available - run `mintlify update` to get the latest version

✓ preview ready

  local   → http://localhost:3030
  network → http://192.168.68.54:3030

press ctrl+c to exit the preview

± changes
edited mint.json
edited guides/quickstart.mdx
edited guides/primitives/event-log.mdx
edited guides/primitives/materialized-state.mdx
edited guides/primitives/subscriptions.mdx
edited guides/primitives/time-travel.mdx
edited integrations/python-sdk.mdx
edited integrations/node-sdk.mdx
edited integrations/langchain.mdx
edited api-reference/introduction.mdx
edited mint.json
edited openapi.yaml
edited mint.json
edited api-reference/endpoints/get-health.mdx
added api-reference/endpoints/get-health.mdx
[2K[1A[2K[1A[2K[1A[2K[1A[2K[1A[2K[1A[2K[1A[2K[1A[2K[1A[2K[1A[2K[1A[2K[1A[2K[1A[2K[1A[2K[1A[2K[1A[2K[1A[2K[1A[2K[1A[2K[1A[2K[1A[2K[1A[2K[1A[2K[1A[2K[1A[2K[Gwarning - "GET /state/{entity_type}/{entity_id}" is referenced in the docs.json navigation but the file does not exist.
update available - run `mintlify update` to get the latest version

✓ preview ready

  local   → http://localhost:3030
  network → http://192.168.68.54:3030

press ctrl+c to exit the preview

± changes
edited mint.json
edited guides/quickstart.mdx
edited guides/primitives/event-log.mdx
edited guides/primitives/materialized-state.mdx
edited guides/primitives/subscriptions.mdx
edited guides/primitives/time-travel.mdx
edited integrations/python-sdk.mdx
edited integrations/node-sdk.mdx
edited integrations/langchain.mdx
edited api-reference/introduction.mdx
edited mint.json
edited openapi.yaml
edited mint.json
edited api-reference/endpoints/get-health.mdx
added api-reference/endpoints/get-health.mdx
[2K[1A[2K[1A[2K[1A[2K[1A[2K[1A[2K[1A[2K[1A[2K[1A[2K[1A[2K[1A[2K[1A[2K[1A[2K[1A[2K[1A[2K[1A[2K[1A[2K[1A[2K[1A[2K[1A[2K[1A[2K[1A[2K[1A[2K[1A[2K[1A[2K[1A[2K[Gwarning - "GET /state/{entity_type}/{entity_id}/at" is referenced in the docs.json navigation but the file does not exist.
update available - run `mintlify update` to get the latest version

✓ preview ready

  local   → http://localhost:3030
  network → http://192.168.68.54:3030

press ctrl+c to exit the preview

± changes
edited mint.json
edited guides/quickstart.mdx
edited guides/primitives/event-log.mdx
edited guides/primitives/materialized-state.mdx
edited guides/primitives/subscriptions.mdx
edited guides/primitives/time-travel.mdx
edited integrations/python-sdk.mdx
edited integrations/node-sdk.mdx
edited integrations/langchain.mdx
edited api-reference/introduction.mdx
edited mint.json
edited openapi.yaml
edited mint.json
edited api-reference/endpoints/get-health.mdx
added api-reference/endpoints/get-health.mdx
[2K[1A[2K[1A[2K[1A[2K[1A[2K[1A[2K[1A[2K[1A[2K[1A[2K[1A[2K[1A[2K[1A[2K[1A[2K[1A[2K[1A[2K[1A[2K[1A[2K[1A[2K[1A[2K[1A[2K[1A[2K[1A[2K[1A[2K[1A[2K[1A[2K[1A[2K[Gwarning - "POST /subscriptions" is referenced in the docs.json navigation but the file does not exist.
update available - run `mintlify update` to get the latest version

✓ preview ready

  local   → http://localhost:3030
  network → http://192.168.68.54:3030

press ctrl+c to exit the preview

± changes
edited mint.json
edited guides/quickstart.mdx
edited guides/primitives/event-log.mdx
edited guides/primitives/materialized-state.mdx
edited guides/primitives/subscriptions.mdx
edited guides/primitives/time-travel.mdx
edited integrations/python-sdk.mdx
edited integrations/node-sdk.mdx
edited integrations/langchain.mdx
edited api-reference/introduction.mdx
edited mint.json
edited openapi.yaml
edited mint.json
edited api-reference/endpoints/get-health.mdx
added api-reference/endpoints/get-health.mdx
[2K[1A[2K[1A[2K[1A[2K[1A[2K[1A[2K[1A[2K[1A[2K[1A[2K[1A[2K[1A[2K[1A[2K[1A[2K[1A[2K[1A[2K[1A[2K[1A[2K[1A[2K[1A[2K[1A[2K[1A[2K[1A[2K[1A[2K[1A[2K[1A[2K[1A[2K[Gwarning - "GET /subscriptions/{subscription_id}" is referenced in the docs.json navigation but the file does not exist.
update available - run `mintlify update` to get the latest version

✓ preview ready

  local   → http://localhost:3030
  network → http://192.168.68.54:3030

press ctrl+c to exit the preview

± changes
edited mint.json
edited guides/quickstart.mdx
edited guides/primitives/event-log.mdx
edited guides/primitives/materialized-state.mdx
edited guides/primitives/subscriptions.mdx
edited guides/primitives/time-travel.mdx
edited integrations/python-sdk.mdx
edited integrations/node-sdk.mdx
edited integrations/langchain.mdx
edited api-reference/introduction.mdx
edited mint.json
edited openapi.yaml
edited mint.json
edited api-reference/endpoints/get-health.mdx
added api-reference/endpoints/get-health.mdx
[2K[1A[2K[1A[2K[1A[2K[1A[2K[1A[2K[1A[2K[1A[2K[1A[2K[1A[2K[1A[2K[1A[2K[1A[2K[1A[2K[1A[2K[1A[2K[1A[2K[1A[2K[1A[2K[1A[2K[1A[2K[1A[2K[1A[2K[1A[2K[1A[2K[1A[2K[Gwarning - "POST /subscriptions/{subscription_id}/pause" is referenced in the docs.json navigation but the file does not exist.
update available - run `mintlify update` to get the latest version

✓ preview ready

  local   → http://localhost:3030
  network → http://192.168.68.54:3030

press ctrl+c to exit the preview

± changes
edited mint.json
edited guides/quickstart.mdx
edited guides/primitives/event-log.mdx
edited guides/primitives/materialized-state.mdx
edited guides/primitives/subscriptions.mdx
edited guides/primitives/time-travel.mdx
edited integrations/python-sdk.mdx
edited integrations/node-sdk.mdx
edited integrations/langchain.mdx
edited api-reference/introduction.mdx
edited mint.json
edited openapi.yaml
edited mint.json
edited api-reference/endpoints/get-health.mdx
added api-reference/endpoints/get-health.mdx
[2K[1A[2K[1A[2K[1A[2K[1A[2K[1A[2K[1A[2K[1A[2K[1A[2K[1A[2K[1A[2K[1A[2K[1A[2K[1A[2K[1A[2K[1A[2K[1A[2K[1A[2K[1A[2K[1A[2K[1A[2K[1A[2K[1A[2K[1A[2K[1A[2K[1A[2K[Gwarning - "POST /subscriptions/{subscription_id}/resume" is referenced in the docs.json navigation but the file does not exist.
update available - run `mintlify update` to get the latest version

✓ preview ready

  local   → http://localhost:3030
  network → http://192.168.68.54:3030

press ctrl+c to exit the preview

± changes
edited mint.json
edited guides/quickstart.mdx
edited guides/primitives/event-log.mdx
edited guides/primitives/materialized-state.mdx
edited guides/primitives/subscriptions.mdx
edited guides/primitives/time-travel.mdx
edited integrations/python-sdk.mdx
edited integrations/node-sdk.mdx
edited integrations/langchain.mdx
edited api-reference/introduction.mdx
edited mint.json
edited openapi.yaml
edited mint.json
edited api-reference/endpoints/get-health.mdx
added api-reference/endpoints/get-health.mdx
[2K[1A[2K[1A[2K[1A[2K[1A[2K[1A[2K[1A[2K[1A[2K[1A[2K[1A[2K[1A[2K[1A[2K[1A[2K[1A[2K[1A[2K[1A[2K[1A[2K[1A[2K[1A[2K[1A[2K[1A[2K[1A[2K[1A[2K[1A[2K[1A[2K[1A[2K[Gwarning - "GET /delivery-trace/{subscription_id}" is referenced in the docs.json navigation but the file does not exist.
update available - run `mintlify update` to get the latest version

✓ preview ready

  local   → http://localhost:3030
  network → http://192.168.68.54:3030

press ctrl+c to exit the preview

± changes
edited mint.json
edited guides/quickstart.mdx
edited guides/primitives/event-log.mdx
edited guides/primitives/materialized-state.mdx
edited guides/primitives/subscriptions.mdx
edited guides/primitives/time-travel.mdx
edited integrations/python-sdk.mdx
edited integrations/node-sdk.mdx
edited integrations/langchain.mdx
edited api-reference/introduction.mdx
edited mint.json
edited openapi.yaml
edited mint.json
edited api-reference/endpoints/get-health.mdx
added api-reference/endpoints/get-health.mdx
[2K[1A[2K[1A[2K[1A[2K[1A[2K[1A[2K[1A[2K[1A[2K[1A[2K[1A[2K[1A[2K[1A[2K[1A[2K[1A[2K[1A[2K[1A[2K[1A[2K[1A[2K[1A[2K[1A[2K[1A[2K[1A[2K[1A[2K[1A[2K[1A[2K[1A[2K[Gwarning - "POST /replay" is referenced in the docs.json navigation but the file does not exist.
update available - run `mintlify update` to get the latest version

✓ preview ready

  local   → http://localhost:3030
  network → http://192.168.68.54:3030

press ctrl+c to exit the preview

± changes
edited mint.json
edited guides/quickstart.mdx
edited guides/primitives/event-log.mdx
edited guides/primitives/materialized-state.mdx
edited guides/primitives/subscriptions.mdx
edited guides/primitives/time-travel.mdx
edited integrations/python-sdk.mdx
edited integrations/node-sdk.mdx
edited integrations/langchain.mdx
edited api-reference/introduction.mdx
edited mint.json
edited openapi.yaml
edited mint.json
edited api-reference/endpoints/get-health.mdx
added api-reference/endpoints/get-health.mdx
[2K[1A[2K[1A[2K[1A[2K[1A[2K[1A[2K[1A[2K[1A[2K[1A[2K[1A[2K[1A[2K[1A[2K[1A[2K[1A[2K[1A[2K[1A[2K[1A[2K[1A[2K[1A[2K[1A[2K[1A[2K[1A[2K[1A[2K[1A[2K[1A[2K[1A[2K[Gwarning - "GET /analytics/account-daily" is referenced in the docs.json navigation but the file does not exist.
update available - run `mintlify update` to get the latest version

✓ preview ready

  local   → http://localhost:3030
  network → http://192.168.68.54:3030

press ctrl+c to exit the preview

± changes
edited mint.json
edited guides/quickstart.mdx
edited guides/primitives/event-log.mdx
edited guides/primitives/materialized-state.mdx
edited guides/primitives/subscriptions.mdx
edited guides/primitives/time-travel.mdx
edited integrations/python-sdk.mdx
edited integrations/node-sdk.mdx
edited integrations/langchain.mdx
edited api-reference/introduction.mdx
edited mint.json
edited openapi.yaml
edited mint.json
edited api-reference/endpoints/get-health.mdx
added api-reference/endpoints/get-health.mdx
[2K[1A[2K[1A[2K[1A[2K[1A[2K[1A[2K[1A[2K[1A[2K[1A[2K[1A[2K[1A[2K[1A[2K[1A[2K[1A[2K[1A[2K[1A[2K[1A[2K[1A[2K[1A[2K[1A[2K[1A[2K[1A[2K[1A[2K[1A[2K[1A[2K[1A[2K[Gupdate available - run `mintlify update` to get the latest version

✓ preview ready

  local   → http://localhost:3030
  network → http://192.168.68.54:3030

press ctrl+c to exit the preview

± changes
edited mint.json
edited guides/quickstart.mdx
edited guides/primitives/event-log.mdx
edited guides/primitives/materialized-state.mdx
edited guides/primitives/subscriptions.mdx
edited guides/primitives/time-travel.mdx
edited integrations/python-sdk.mdx
edited integrations/node-sdk.mdx
edited integrations/langchain.mdx
edited api-reference/introduction.mdx
edited mint.json
edited openapi.yaml
edited mint.json
edited api-reference/endpoints/get-health.mdx
added api-reference/endpoints/get-health.mdx
added api-reference/endpoints/post-events.mdx
added api-reference/endpoints/get-state-at.mdx
[2K[1A[2K[1A[2K[1A[2K[1A[2K[1A[2K[1A[2K[1A[2K[1A[2K[1A[2K[1A[2K[1A[2K[1A[2K[1A[2K[1A[2K[1A[2K[1A[2K[1A[2K[1A[2K[1A[2K[1A[2K[1A[2K[1A[2K[1A[2K[1A[2K[1A[2K[1A[2K[1A[2K[Gwarning - "GET /health" is referenced in the docs.json navigation but the file does not exist.
update available - run `mintlify update` to get the latest version

✓ preview ready

  local   → http://localhost:3030
  network → http://192.168.68.54:3030

press ctrl+c to exit the preview

± changes
edited mint.json
edited guides/quickstart.mdx
edited guides/primitives/event-log.mdx
edited guides/primitives/materialized-state.mdx
edited guides/primitives/subscriptions.mdx
edited guides/primitives/time-travel.mdx
edited integrations/python-sdk.mdx
edited integrations/node-sdk.mdx
edited integrations/langchain.mdx
edited api-reference/introduction.mdx
edited mint.json
edited openapi.yaml
edited mint.json
edited api-reference/endpoints/get-health.mdx
added api-reference/endpoints/get-health.mdx
added api-reference/endpoints/post-events.mdx
added api-reference/endpoints/get-state-at.mdx
[2K[1A[2K[1A[2K[1A[2K[1A[2K[1A[2K[1A[2K[1A[2K[1A[2K[1A[2K[1A[2K[1A[2K[1A[2K[1A[2K[1A[2K[1A[2K[1A[2K[1A[2K[1A[2K[1A[2K[1A[2K[1A[2K[1A[2K[1A[2K[1A[2K[1A[2K[1A[2K[1A[2K[Gwarning - "POST /events" is referenced in the docs.json navigation but the file does not exist.
update available - run `mintlify update` to get the latest version

✓ preview ready

  local   → http://localhost:3030
  network → http://192.168.68.54:3030

press ctrl+c to exit the preview

± changes
edited mint.json
edited guides/quickstart.mdx
edited guides/primitives/event-log.mdx
edited guides/primitives/materialized-state.mdx
edited guides/primitives/subscriptions.mdx
edited guides/primitives/time-travel.mdx
edited integrations/python-sdk.mdx
edited integrations/node-sdk.mdx
edited integrations/langchain.mdx
edited api-reference/introduction.mdx
edited mint.json
edited openapi.yaml
edited mint.json
edited api-reference/endpoints/get-health.mdx
added api-reference/endpoints/get-health.mdx
added api-reference/endpoints/post-events.mdx
added api-reference/endpoints/get-state-at.mdx
[2K[1A[2K[1A[2K[1A[2K[1A[2K[1A[2K[1A[2K[1A[2K[1A[2K[1A[2K[1A[2K[1A[2K[1A[2K[1A[2K[1A[2K[1A[2K[1A[2K[1A[2K[1A[2K[1A[2K[1A[2K[1A[2K[1A[2K[1A[2K[1A[2K[1A[2K[1A[2K[1A[2K[Gwarning - "GET /events" is referenced in the docs.json navigation but the file does not exist.
update available - run `mintlify update` to get the latest version

✓ preview ready

  local   → http://localhost:3030
  network → http://192.168.68.54:3030

press ctrl+c to exit the preview

± changes
edited mint.json
edited guides/quickstart.mdx
edited guides/primitives/event-log.mdx
edited guides/primitives/materialized-state.mdx
edited guides/primitives/subscriptions.mdx
edited guides/primitives/time-travel.mdx
edited integrations/python-sdk.mdx
edited integrations/node-sdk.mdx
edited integrations/langchain.mdx
edited api-reference/introduction.mdx
edited mint.json
edited openapi.yaml
edited mint.json
edited api-reference/endpoints/get-health.mdx
added api-reference/endpoints/get-health.mdx
added api-reference/endpoints/post-events.mdx
added api-reference/endpoints/get-state-at.mdx
[2K[1A[2K[1A[2K[1A[2K[1A[2K[1A[2K[1A[2K[1A[2K[1A[2K[1A[2K[1A[2K[1A[2K[1A[2K[1A[2K[1A[2K[1A[2K[1A[2K[1A[2K[1A[2K[1A[2K[1A[2K[1A[2K[1A[2K[1A[2K[1A[2K[1A[2K[1A[2K[1A[2K[Gwarning - "GET /state/{entity_type}/{entity_id}" is referenced in the docs.json navigation but the file does not exist.
update available - run `mintlify update` to get the latest version

✓ preview ready

  local   → http://localhost:3030
  network → http://192.168.68.54:3030

press ctrl+c to exit the preview

± changes
edited mint.json
edited guides/quickstart.mdx
edited guides/primitives/event-log.mdx
edited guides/primitives/materialized-state.mdx
edited guides/primitives/subscriptions.mdx
edited guides/primitives/time-travel.mdx
edited integrations/python-sdk.mdx
edited integrations/node-sdk.mdx
edited integrations/langchain.mdx
edited api-reference/introduction.mdx
edited mint.json
edited openapi.yaml
edited mint.json
edited api-reference/endpoints/get-health.mdx
added api-reference/endpoints/get-health.mdx
added api-reference/endpoints/post-events.mdx
added api-reference/endpoints/get-state-at.mdx
[2K[1A[2K[1A[2K[1A[2K[1A[2K[1A[2K[1A[2K[1A[2K[1A[2K[1A[2K[1A[2K[1A[2K[1A[2K[1A[2K[1A[2K[1A[2K[1A[2K[1A[2K[1A[2K[1A[2K[1A[2K[1A[2K[1A[2K[1A[2K[1A[2K[1A[2K[1A[2K[1A[2K[Gwarning - "GET /state/{entity_type}/{entity_id}/at" is referenced in the docs.json navigation but the file does not exist.
update available - run `mintlify update` to get the latest version

✓ preview ready

  local   → http://localhost:3030
  network → http://192.168.68.54:3030

press ctrl+c to exit the preview

± changes
edited mint.json
edited guides/quickstart.mdx
edited guides/primitives/event-log.mdx
edited guides/primitives/materialized-state.mdx
edited guides/primitives/subscriptions.mdx
edited guides/primitives/time-travel.mdx
edited integrations/python-sdk.mdx
edited integrations/node-sdk.mdx
edited integrations/langchain.mdx
edited api-reference/introduction.mdx
edited mint.json
edited openapi.yaml
edited mint.json
edited api-reference/endpoints/get-health.mdx
added api-reference/endpoints/get-health.mdx
added api-reference/endpoints/post-events.mdx
added api-reference/endpoints/get-state-at.mdx
[2K[1A[2K[1A[2K[1A[2K[1A[2K[1A[2K[1A[2K[1A[2K[1A[2K[1A[2K[1A[2K[1A[2K[1A[2K[1A[2K[1A[2K[1A[2K[1A[2K[1A[2K[1A[2K[1A[2K[1A[2K[1A[2K[1A[2K[1A[2K[1A[2K[1A[2K[1A[2K[1A[2K[Gwarning - "POST /subscriptions" is referenced in the docs.json navigation but the file does not exist.
update available - run `mintlify update` to get the latest version

✓ preview ready

  local   → http://localhost:3030
  network → http://192.168.68.54:3030

press ctrl+c to exit the preview

± changes
edited mint.json
edited guides/quickstart.mdx
edited guides/primitives/event-log.mdx
edited guides/primitives/materialized-state.mdx
edited guides/primitives/subscriptions.mdx
edited guides/primitives/time-travel.mdx
edited integrations/python-sdk.mdx
edited integrations/node-sdk.mdx
edited integrations/langchain.mdx
edited api-reference/introduction.mdx
edited mint.json
edited openapi.yaml
edited mint.json
edited api-reference/endpoints/get-health.mdx
added api-reference/endpoints/get-health.mdx
added api-reference/endpoints/post-events.mdx
added api-reference/endpoints/get-state-at.mdx
[2K[1A[2K[1A[2K[1A[2K[1A[2K[1A[2K[1A[2K[1A[2K[1A[2K[1A[2K[1A[2K[1A[2K[1A[2K[1A[2K[1A[2K[1A[2K[1A[2K[1A[2K[1A[2K[1A[2K[1A[2K[1A[2K[1A[2K[1A[2K[1A[2K[1A[2K[1A[2K[1A[2K[Gwarning - "GET /subscriptions/{subscription_id}" is referenced in the docs.json navigation but the file does not exist.
update available - run `mintlify update` to get the latest version

✓ preview ready

  local   → http://localhost:3030
  network → http://192.168.68.54:3030

press ctrl+c to exit the preview

± changes
edited mint.json
edited guides/quickstart.mdx
edited guides/primitives/event-log.mdx
edited guides/primitives/materialized-state.mdx
edited guides/primitives/subscriptions.mdx
edited guides/primitives/time-travel.mdx
edited integrations/python-sdk.mdx
edited integrations/node-sdk.mdx
edited integrations/langchain.mdx
edited api-reference/introduction.mdx
edited mint.json
edited openapi.yaml
edited mint.json
edited api-reference/endpoints/get-health.mdx
added api-reference/endpoints/get-health.mdx
added api-reference/endpoints/post-events.mdx
added api-reference/endpoints/get-state-at.mdx
[2K[1A[2K[1A[2K[1A[2K[1A[2K[1A[2K[1A[2K[1A[2K[1A[2K[1A[2K[1A[2K[1A[2K[1A[2K[1A[2K[1A[2K[1A[2K[1A[2K[1A[2K[1A[2K[1A[2K[1A[2K[1A[2K[1A[2K[1A[2K[1A[2K[1A[2K[1A[2K[1A[2K[Gwarning - "POST /subscriptions/{subscription_id}/pause" is referenced in the docs.json navigation but the file does not exist.
update available - run `mintlify update` to get the latest version

✓ preview ready

  local   → http://localhost:3030
  network → http://192.168.68.54:3030

press ctrl+c to exit the preview

± changes
edited mint.json
edited guides/quickstart.mdx
edited guides/primitives/event-log.mdx
edited guides/primitives/materialized-state.mdx
edited guides/primitives/subscriptions.mdx
edited guides/primitives/time-travel.mdx
edited integrations/python-sdk.mdx
edited integrations/node-sdk.mdx
edited integrations/langchain.mdx
edited api-reference/introduction.mdx
edited mint.json
edited openapi.yaml
edited mint.json
edited api-reference/endpoints/get-health.mdx
added api-reference/endpoints/get-health.mdx
added api-reference/endpoints/post-events.mdx
added api-reference/endpoints/get-state-at.mdx
[2K[1A[2K[1A[2K[1A[2K[1A[2K[1A[2K[1A[2K[1A[2K[1A[2K[1A[2K[1A[2K[1A[2K[1A[2K[1A[2K[1A[2K[1A[2K[1A[2K[1A[2K[1A[2K[1A[2K[1A[2K[1A[2K[1A[2K[1A[2K[1A[2K[1A[2K[1A[2K[1A[2K[Gwarning - "POST /subscriptions/{subscription_id}/resume" is referenced in the docs.json navigation but the file does not exist.
update available - run `mintlify update` to get the latest version

✓ preview ready

  local   → http://localhost:3030
  network → http://192.168.68.54:3030

press ctrl+c to exit the preview

± changes
edited mint.json
edited guides/quickstart.mdx
edited guides/primitives/event-log.mdx
edited guides/primitives/materialized-state.mdx
edited guides/primitives/subscriptions.mdx
edited guides/primitives/time-travel.mdx
edited integrations/python-sdk.mdx
edited integrations/node-sdk.mdx
edited integrations/langchain.mdx
edited api-reference/introduction.mdx
edited mint.json
edited openapi.yaml
edited mint.json
edited api-reference/endpoints/get-health.mdx
added api-reference/endpoints/get-health.mdx
added api-reference/endpoints/post-events.mdx
added api-reference/endpoints/get-state-at.mdx
[2K[1A[2K[1A[2K[1A[2K[1A[2K[1A[2K[1A[2K[1A[2K[1A[2K[1A[2K[1A[2K[1A[2K[1A[2K[1A[2K[1A[2K[1A[2K[1A[2K[1A[2K[1A[2K[1A[2K[1A[2K[1A[2K[1A[2K[1A[2K[1A[2K[1A[2K[1A[2K[1A[2K[Gwarning - "GET /delivery-trace/{subscription_id}" is referenced in the docs.json navigation but the file does not exist.
update available - run `mintlify update` to get the latest version

✓ preview ready

  local   → http://localhost:3030
  network → http://192.168.68.54:3030

press ctrl+c to exit the preview

± changes
edited mint.json
edited guides/quickstart.mdx
edited guides/primitives/event-log.mdx
edited guides/primitives/materialized-state.mdx
edited guides/primitives/subscriptions.mdx
edited guides/primitives/time-travel.mdx
edited integrations/python-sdk.mdx
edited integrations/node-sdk.mdx
edited integrations/langchain.mdx
edited api-reference/introduction.mdx
edited mint.json
edited openapi.yaml
edited mint.json
edited api-reference/endpoints/get-health.mdx
added api-reference/endpoints/get-health.mdx
added api-reference/endpoints/post-events.mdx
added api-reference/endpoints/get-state-at.mdx
[2K[1A[2K[1A[2K[1A[2K[1A[2K[1A[2K[1A[2K[1A[2K[1A[2K[1A[2K[1A[2K[1A[2K[1A[2K[1A[2K[1A[2K[1A[2K[1A[2K[1A[2K[1A[2K[1A[2K[1A[2K[1A[2K[1A[2K[1A[2K[1A[2K[1A[2K[1A[2K[1A[2K[Gwarning - "POST /replay" is referenced in the docs.json navigation but the file does not exist.
update available - run `mintlify update` to get the latest version

✓ preview ready

  local   → http://localhost:3030
  network → http://192.168.68.54:3030

press ctrl+c to exit the preview

± changes
edited mint.json
edited guides/quickstart.mdx
edited guides/primitives/event-log.mdx
edited guides/primitives/materialized-state.mdx
edited guides/primitives/subscriptions.mdx
edited guides/primitives/time-travel.mdx
edited integrations/python-sdk.mdx
edited integrations/node-sdk.mdx
edited integrations/langchain.mdx
edited api-reference/introduction.mdx
edited mint.json
edited openapi.yaml
edited mint.json
edited api-reference/endpoints/get-health.mdx
added api-reference/endpoints/get-health.mdx
added api-reference/endpoints/post-events.mdx
added api-reference/endpoints/get-state-at.mdx
[2K[1A[2K[1A[2K[1A[2K[1A[2K[1A[2K[1A[2K[1A[2K[1A[2K[1A[2K[1A[2K[1A[2K[1A[2K[1A[2K[1A[2K[1A[2K[1A[2K[1A[2K[1A[2K[1A[2K[1A[2K[1A[2K[1A[2K[1A[2K[1A[2K[1A[2K[1A[2K[1A[2K[Gwarning - "GET /analytics/account-daily" is referenced in the docs.json navigation but the file does not exist.
update available - run `mintlify update` to get the latest version

✓ preview ready

  local   → http://localhost:3030
  network → http://192.168.68.54:3030

press ctrl+c to exit the preview

± changes
edited mint.json
edited guides/quickstart.mdx
edited guides/primitives/event-log.mdx
edited guides/primitives/materialized-state.mdx
edited guides/primitives/subscriptions.mdx
edited guides/primitives/time-travel.mdx
edited integrations/python-sdk.mdx
edited integrations/node-sdk.mdx
edited integrations/langchain.mdx
edited api-reference/introduction.mdx
edited mint.json
edited openapi.yaml
edited mint.json
edited api-reference/endpoints/get-health.mdx
added api-reference/endpoints/get-health.mdx
added api-reference/endpoints/post-events.mdx
added api-reference/endpoints/get-state-at.mdx
[2K[1A[2K[1A[2K[1A[2K[1A[2K[1A[2K[1A[2K[1A[2K[1A[2K[1A[2K[1A[2K[1A[2K[1A[2K[1A[2K[1A[2K[1A[2K[1A[2K[1A[2K[1A[2K[1A[2K[1A[2K[1A[2K[1A[2K[1A[2K[1A[2K[1A[2K[1A[2K[1A[2K[G ⨯ SyntaxError: Unexpected end of JSON input
    at JSON.parse (<anonymous>)
    at t (.next/server/chunks/358.js:1:19733)
    at async m (.next/server/chunks/358.js:1:17981) {
  digest: '2291164020'
}
update available - run `mintlify update` to get the latest version

✓ preview ready

  local   → http://localhost:3030
  network → http://192.168.68.54:3030

press ctrl+c to exit the preview

± changes
edited mint.json
edited guides/quickstart.mdx
edited guides/primitives/event-log.mdx
edited guides/primitives/materialized-state.mdx
edited guides/primitives/subscriptions.mdx
edited guides/primitives/time-travel.mdx
edited integrations/python-sdk.mdx
edited integrations/node-sdk.mdx
edited integrations/langchain.mdx
edited api-reference/introduction.mdx
edited mint.json
edited openapi.yaml
edited mint.json
edited api-reference/endpoints/get-health.mdx
added api-reference/endpoints/get-health.mdx
added api-reference/endpoints/post-events.mdx
added api-reference/endpoints/get-state-at.mdx
[2K[1A[2K[1A[2K[1A[2K[1A[2K[1A[2K[1A[2K[1A[2K[1A[2K[1A[2K[1A[2K[1A[2K[1A[2K[1A[2K[1A[2K[1A[2K[1A[2K[1A[2K[1A[2K[1A[2K[1A[2K[1A[2K[1A[2K[1A[2K[1A[2K[1A[2K[1A[2K[1A[2K[Gwarning - "GET /health" is referenced in the docs.json navigation but the file does not exist.
update available - run `mintlify update` to get the latest version

✓ preview ready

  local   → http://localhost:3030
  network → http://192.168.68.54:3030

press ctrl+c to exit the preview

± changes
edited mint.json
edited guides/quickstart.mdx
edited guides/primitives/event-log.mdx
edited guides/primitives/materialized-state.mdx
edited guides/primitives/subscriptions.mdx
edited guides/primitives/time-travel.mdx
edited integrations/python-sdk.mdx
edited integrations/node-sdk.mdx
edited integrations/langchain.mdx
edited api-reference/introduction.mdx
edited mint.json
edited openapi.yaml
edited mint.json
edited api-reference/endpoints/get-health.mdx
added api-reference/endpoints/get-health.mdx
added api-reference/endpoints/post-events.mdx
added api-reference/endpoints/get-state-at.mdx
[2K[1A[2K[1A[2K[1A[2K[1A[2K[1A[2K[1A[2K[1A[2K[1A[2K[1A[2K[1A[2K[1A[2K[1A[2K[1A[2K[1A[2K[1A[2K[1A[2K[1A[2K[1A[2K[1A[2K[1A[2K[1A[2K[1A[2K[1A[2K[1A[2K[1A[2K[1A[2K[1A[2K[Gwarning - "POST /events" is referenced in the docs.json navigation but the file does not exist.
update available - run `mintlify update` to get the latest version

✓ preview ready

  local   → http://localhost:3030
  network → http://192.168.68.54:3030

press ctrl+c to exit the preview

± changes
edited mint.json
edited guides/quickstart.mdx
edited guides/primitives/event-log.mdx
edited guides/primitives/materialized-state.mdx
edited guides/primitives/subscriptions.mdx
edited guides/primitives/time-travel.mdx
edited integrations/python-sdk.mdx
edited integrations/node-sdk.mdx
edited integrations/langchain.mdx
edited api-reference/introduction.mdx
edited mint.json
edited openapi.yaml
edited mint.json
edited api-reference/endpoints/get-health.mdx
added api-reference/endpoints/get-health.mdx
added api-reference/endpoints/post-events.mdx
added api-reference/endpoints/get-state-at.mdx
[2K[1A[2K[1A[2K[1A[2K[1A[2K[1A[2K[1A[2K[1A[2K[1A[2K[1A[2K[1A[2K[1A[2K[1A[2K[1A[2K[1A[2K[1A[2K[1A[2K[1A[2K[1A[2K[1A[2K[1A[2K[1A[2K[1A[2K[1A[2K[1A[2K[1A[2K[1A[2K[1A[2K[Gwarning - "GET /events" is referenced in the docs.json navigation but the file does not exist.
update available - run `mintlify update` to get the latest version

✓ preview ready

  local   → http://localhost:3030
  network → http://192.168.68.54:3030

press ctrl+c to exit the preview

± changes
edited mint.json
edited guides/quickstart.mdx
edited guides/primitives/event-log.mdx
edited guides/primitives/materialized-state.mdx
edited guides/primitives/subscriptions.mdx
edited guides/primitives/time-travel.mdx
edited integrations/python-sdk.mdx
edited integrations/node-sdk.mdx
edited integrations/langchain.mdx
edited api-reference/introduction.mdx
edited mint.json
edited openapi.yaml
edited mint.json
edited api-reference/endpoints/get-health.mdx
added api-reference/endpoints/get-health.mdx
added api-reference/endpoints/post-events.mdx
added api-reference/endpoints/get-state-at.mdx
[2K[1A[2K[1A[2K[1A[2K[1A[2K[1A[2K[1A[2K[1A[2K[1A[2K[1A[2K[1A[2K[1A[2K[1A[2K[1A[2K[1A[2K[1A[2K[1A[2K[1A[2K[1A[2K[1A[2K[1A[2K[1A[2K[1A[2K[1A[2K[1A[2K[1A[2K[1A[2K[1A[2K[Gwarning - "GET /state/{entity_type}/{entity_id}" is referenced in the docs.json navigation but the file does not exist.
update available - run `mintlify update` to get the latest version

✓ preview ready

  local   → http://localhost:3030
  network → http://192.168.68.54:3030

press ctrl+c to exit the preview

± changes
edited mint.json
edited guides/quickstart.mdx
edited guides/primitives/event-log.mdx
edited guides/primitives/materialized-state.mdx
edited guides/primitives/subscriptions.mdx
edited guides/primitives/time-travel.mdx
edited integrations/python-sdk.mdx
edited integrations/node-sdk.mdx
edited integrations/langchain.mdx
edited api-reference/introduction.mdx
edited mint.json
edited openapi.yaml
edited mint.json
edited api-reference/endpoints/get-health.mdx
added api-reference/endpoints/get-health.mdx
added api-reference/endpoints/post-events.mdx
added api-reference/endpoints/get-state-at.mdx
[2K[1A[2K[1A[2K[1A[2K[1A[2K[1A[2K[1A[2K[1A[2K[1A[2K[1A[2K[1A[2K[1A[2K[1A[2K[1A[2K[1A[2K[1A[2K[1A[2K[1A[2K[1A[2K[1A[2K[1A[2K[1A[2K[1A[2K[1A[2K[1A[2K[1A[2K[1A[2K[1A[2K[Gwarning - "GET /state/{entity_type}/{entity_id}/at" is referenced in the docs.json navigation but the file does not exist.
update available - run `mintlify update` to get the latest version

✓ preview ready

  local   → http://localhost:3030
  network → http://192.168.68.54:3030

press ctrl+c to exit the preview

± changes
edited mint.json
edited guides/quickstart.mdx
edited guides/primitives/event-log.mdx
edited guides/primitives/materialized-state.mdx
edited guides/primitives/subscriptions.mdx
edited guides/primitives/time-travel.mdx
edited integrations/python-sdk.mdx
edited integrations/node-sdk.mdx
edited integrations/langchain.mdx
edited api-reference/introduction.mdx
edited mint.json
edited openapi.yaml
edited mint.json
edited api-reference/endpoints/get-health.mdx
added api-reference/endpoints/get-health.mdx
added api-reference/endpoints/post-events.mdx
added api-reference/endpoints/get-state-at.mdx
[2K[1A[2K[1A[2K[1A[2K[1A[2K[1A[2K[1A[2K[1A[2K[1A[2K[1A[2K[1A[2K[1A[2K[1A[2K[1A[2K[1A[2K[1A[2K[1A[2K[1A[2K[1A[2K[1A[2K[1A[2K[1A[2K[1A[2K[1A[2K[1A[2K[1A[2K[1A[2K[1A[2K[Gwarning - "POST /subscriptions" is referenced in the docs.json navigation but the file does not exist.
update available - run `mintlify update` to get the latest version

✓ preview ready

  local   → http://localhost:3030
  network → http://192.168.68.54:3030

press ctrl+c to exit the preview

± changes
edited mint.json
edited guides/quickstart.mdx
edited guides/primitives/event-log.mdx
edited guides/primitives/materialized-state.mdx
edited guides/primitives/subscriptions.mdx
edited guides/primitives/time-travel.mdx
edited integrations/python-sdk.mdx
edited integrations/node-sdk.mdx
edited integrations/langchain.mdx
edited api-reference/introduction.mdx
edited mint.json
edited openapi.yaml
edited mint.json
edited api-reference/endpoints/get-health.mdx
added api-reference/endpoints/get-health.mdx
added api-reference/endpoints/post-events.mdx
added api-reference/endpoints/get-state-at.mdx
[2K[1A[2K[1A[2K[1A[2K[1A[2K[1A[2K[1A[2K[1A[2K[1A[2K[1A[2K[1A[2K[1A[2K[1A[2K[1A[2K[1A[2K[1A[2K[1A[2K[1A[2K[1A[2K[1A[2K[1A[2K[1A[2K[1A[2K[1A[2K[1A[2K[1A[2K[1A[2K[1A[2K[Gwarning - "GET /subscriptions/{subscription_id}" is referenced in the docs.json navigation but the file does not exist.
update available - run `mintlify update` to get the latest version

✓ preview ready

  local   → http://localhost:3030
  network → http://192.168.68.54:3030

press ctrl+c to exit the preview

± changes
edited mint.json
edited guides/quickstart.mdx
edited guides/primitives/event-log.mdx
edited guides/primitives/materialized-state.mdx
edited guides/primitives/subscriptions.mdx
edited guides/primitives/time-travel.mdx
edited integrations/python-sdk.mdx
edited integrations/node-sdk.mdx
edited integrations/langchain.mdx
edited api-reference/introduction.mdx
edited mint.json
edited openapi.yaml
edited mint.json
edited api-reference/endpoints/get-health.mdx
added api-reference/endpoints/get-health.mdx
added api-reference/endpoints/post-events.mdx
added api-reference/endpoints/get-state-at.mdx
[2K[1A[2K[1A[2K[1A[2K[1A[2K[1A[2K[1A[2K[1A[2K[1A[2K[1A[2K[1A[2K[1A[2K[1A[2K[1A[2K[1A[2K[1A[2K[1A[2K[1A[2K[1A[2K[1A[2K[1A[2K[1A[2K[1A[2K[1A[2K[1A[2K[1A[2K[1A[2K[1A[2K[Gwarning - "POST /subscriptions/{subscription_id}/pause" is referenced in the docs.json navigation but the file does not exist.
update available - run `mintlify update` to get the latest version

✓ preview ready

  local   → http://localhost:3030
  network → http://192.168.68.54:3030

press ctrl+c to exit the preview

± changes
edited mint.json
edited guides/quickstart.mdx
edited guides/primitives/event-log.mdx
edited guides/primitives/materialized-state.mdx
edited guides/primitives/subscriptions.mdx
edited guides/primitives/time-travel.mdx
edited integrations/python-sdk.mdx
edited integrations/node-sdk.mdx
edited integrations/langchain.mdx
edited api-reference/introduction.mdx
edited mint.json
edited openapi.yaml
edited mint.json
edited api-reference/endpoints/get-health.mdx
added api-reference/endpoints/get-health.mdx
added api-reference/endpoints/post-events.mdx
added api-reference/endpoints/get-state-at.mdx
[2K[1A[2K[1A[2K[1A[2K[1A[2K[1A[2K[1A[2K[1A[2K[1A[2K[1A[2K[1A[2K[1A[2K[1A[2K[1A[2K[1A[2K[1A[2K[1A[2K[1A[2K[1A[2K[1A[2K[1A[2K[1A[2K[1A[2K[1A[2K[1A[2K[1A[2K[1A[2K[1A[2K[Gwarning - "POST /subscriptions/{subscription_id}/resume" is referenced in the docs.json navigation but the file does not exist.
update available - run `mintlify update` to get the latest version

✓ preview ready

  local   → http://localhost:3030
  network → http://192.168.68.54:3030

press ctrl+c to exit the preview

± changes
edited mint.json
edited guides/quickstart.mdx
edited guides/primitives/event-log.mdx
edited guides/primitives/materialized-state.mdx
edited guides/primitives/subscriptions.mdx
edited guides/primitives/time-travel.mdx
edited integrations/python-sdk.mdx
edited integrations/node-sdk.mdx
edited integrations/langchain.mdx
edited api-reference/introduction.mdx
edited mint.json
edited openapi.yaml
edited mint.json
edited api-reference/endpoints/get-health.mdx
added api-reference/endpoints/get-health.mdx
added api-reference/endpoints/post-events.mdx
added api-reference/endpoints/get-state-at.mdx
[2K[1A[2K[1A[2K[1A[2K[1A[2K[1A[2K[1A[2K[1A[2K[1A[2K[1A[2K[1A[2K[1A[2K[1A[2K[1A[2K[1A[2K[1A[2K[1A[2K[1A[2K[1A[2K[1A[2K[1A[2K[1A[2K[1A[2K[1A[2K[1A[2K[1A[2K[1A[2K[1A[2K[Gwarning - "GET /delivery-trace/{subscription_id}" is referenced in the docs.json navigation but the file does not exist.
update available - run `mintlify update` to get the latest version

✓ preview ready

  local   → http://localhost:3030
  network → http://192.168.68.54:3030

press ctrl+c to exit the preview

± changes
edited mint.json
edited guides/quickstart.mdx
edited guides/primitives/event-log.mdx
edited guides/primitives/materialized-state.mdx
edited guides/primitives/subscriptions.mdx
edited guides/primitives/time-travel.mdx
edited integrations/python-sdk.mdx
edited integrations/node-sdk.mdx
edited integrations/langchain.mdx
edited api-reference/introduction.mdx
edited mint.json
edited openapi.yaml
edited mint.json
edited api-reference/endpoints/get-health.mdx
added api-reference/endpoints/get-health.mdx
added api-reference/endpoints/post-events.mdx
added api-reference/endpoints/get-state-at.mdx
[2K[1A[2K[1A[2K[1A[2K[1A[2K[1A[2K[1A[2K[1A[2K[1A[2K[1A[2K[1A[2K[1A[2K[1A[2K[1A[2K[1A[2K[1A[2K[1A[2K[1A[2K[1A[2K[1A[2K[1A[2K[1A[2K[1A[2K[1A[2K[1A[2K[1A[2K[1A[2K[1A[2K[Gwarning - "POST /replay" is referenced in the docs.json navigation but the file does not exist.
update available - run `mintlify update` to get the latest version

✓ preview ready

  local   → http://localhost:3030
  network → http://192.168.68.54:3030

press ctrl+c to exit the preview

± changes
edited mint.json
edited guides/quickstart.mdx
edited guides/primitives/event-log.mdx
edited guides/primitives/materialized-state.mdx
edited guides/primitives/subscriptions.mdx
edited guides/primitives/time-travel.mdx
edited integrations/python-sdk.mdx
edited integrations/node-sdk.mdx
edited integrations/langchain.mdx
edited api-reference/introduction.mdx
edited mint.json
edited openapi.yaml
edited mint.json
edited api-reference/endpoints/get-health.mdx
added api-reference/endpoints/get-health.mdx
added api-reference/endpoints/post-events.mdx
added api-reference/endpoints/get-state-at.mdx
[2K[1A[2K[1A[2K[1A[2K[1A[2K[1A[2K[1A[2K[1A[2K[1A[2K[1A[2K[1A[2K[1A[2K[1A[2K[1A[2K[1A[2K[1A[2K[1A[2K[1A[2K[1A[2K[1A[2K[1A[2K[1A[2K[1A[2K[1A[2K[1A[2K[1A[2K[1A[2K[1A[2K[Gwarning - "GET /analytics/account-daily" is referenced in the docs.json navigation but the file does not exist.
update available - run `mintlify update` to get the latest version

✓ preview ready

  local   → http://localhost:3030
  network → http://192.168.68.54:3030

press ctrl+c to exit the preview

± changes
edited mint.json
edited guides/quickstart.mdx
edited guides/primitives/event-log.mdx
edited guides/primitives/materialized-state.mdx
edited guides/primitives/subscriptions.mdx
edited guides/primitives/time-travel.mdx
edited integrations/python-sdk.mdx
edited integrations/node-sdk.mdx
edited integrations/langchain.mdx
edited api-reference/introduction.mdx
edited mint.json
edited openapi.yaml
edited mint.json
edited api-reference/endpoints/get-health.mdx
added api-reference/endpoints/get-health.mdx
added api-reference/endpoints/post-events.mdx
added api-reference/endpoints/get-state-at.mdx
[2K[1A[2K[1A[2K[1A[2K[1A[2K[1A[2K[1A[2K[1A[2K[1A[2K[1A[2K[1A[2K[1A[2K[1A[2K[1A[2K[1A[2K[1A[2K[1A[2K[1A[2K[1A[2K[1A[2K[1A[2K[1A[2K[1A[2K[1A[2K[1A[2K[1A[2K[1A[2K[1A[2K[Gwarning - "GET /health" is referenced in the docs.json navigation but the file does not exist.
update available - run `mintlify update` to get the latest version

✓ preview ready

  local   → http://localhost:3030
  network → http://192.168.68.54:3030

press ctrl+c to exit the preview

± changes
edited mint.json
edited guides/quickstart.mdx
edited guides/primitives/event-log.mdx
edited guides/primitives/materialized-state.mdx
edited guides/primitives/subscriptions.mdx
edited guides/primitives/time-travel.mdx
edited integrations/python-sdk.mdx
edited integrations/node-sdk.mdx
edited integrations/langchain.mdx
edited api-reference/introduction.mdx
edited mint.json
edited openapi.yaml
edited mint.json
edited api-reference/endpoints/get-health.mdx
added api-reference/endpoints/get-health.mdx
added api-reference/endpoints/post-events.mdx
added api-reference/endpoints/get-state-at.mdx
[2K[1A[2K[1A[2K[1A[2K[1A[2K[1A[2K[1A[2K[1A[2K[1A[2K[1A[2K[1A[2K[1A[2K[1A[2K[1A[2K[1A[2K[1A[2K[1A[2K[1A[2K[1A[2K[1A[2K[1A[2K[1A[2K[1A[2K[1A[2K[1A[2K[1A[2K[1A[2K[1A[2K[Gwarning - "POST /events" is referenced in the docs.json navigation but the file does not exist.
update available - run `mintlify update` to get the latest version

✓ preview ready

  local   → http://localhost:3030
  network → http://192.168.68.54:3030

press ctrl+c to exit the preview

± changes
edited mint.json
edited guides/quickstart.mdx
edited guides/primitives/event-log.mdx
edited guides/primitives/materialized-state.mdx
edited guides/primitives/subscriptions.mdx
edited guides/primitives/time-travel.mdx
edited integrations/python-sdk.mdx
edited integrations/node-sdk.mdx
edited integrations/langchain.mdx
edited api-reference/introduction.mdx
edited mint.json
edited openapi.yaml
edited mint.json
edited api-reference/endpoints/get-health.mdx
added api-reference/endpoints/get-health.mdx
added api-reference/endpoints/post-events.mdx
added api-reference/endpoints/get-state-at.mdx
[2K[1A[2K[1A[2K[1A[2K[1A[2K[1A[2K[1A[2K[1A[2K[1A[2K[1A[2K[1A[2K[1A[2K[1A[2K[1A[2K[1A[2K[1A[2K[1A[2K[1A[2K[1A[2K[1A[2K[1A[2K[1A[2K[1A[2K[1A[2K[1A[2K[1A[2K[1A[2K[1A[2K[Gwarning - "GET /events" is referenced in the docs.json navigation but the file does not exist.
update available - run `mintlify update` to get the latest version

✓ preview ready

  local   → http://localhost:3030
  network → http://192.168.68.54:3030

press ctrl+c to exit the preview

± changes
edited mint.json
edited guides/quickstart.mdx
edited guides/primitives/event-log.mdx
edited guides/primitives/materialized-state.mdx
edited guides/primitives/subscriptions.mdx
edited guides/primitives/time-travel.mdx
edited integrations/python-sdk.mdx
edited integrations/node-sdk.mdx
edited integrations/langchain.mdx
edited api-reference/introduction.mdx
edited mint.json
edited openapi.yaml
edited mint.json
edited api-reference/endpoints/get-health.mdx
added api-reference/endpoints/get-health.mdx
added api-reference/endpoints/post-events.mdx
added api-reference/endpoints/get-state-at.mdx
[2K[1A[2K[1A[2K[1A[2K[1A[2K[1A[2K[1A[2K[1A[2K[1A[2K[1A[2K[1A[2K[1A[2K[1A[2K[1A[2K[1A[2K[1A[2K[1A[2K[1A[2K[1A[2K[1A[2K[1A[2K[1A[2K[1A[2K[1A[2K[1A[2K[1A[2K[1A[2K[1A[2K[Gwarning - "GET /state/{entity_type}/{entity_id}" is referenced in the docs.json navigation but the file does not exist.
update available - run `mintlify update` to get the latest version

✓ preview ready

  local   → http://localhost:3030
  network → http://192.168.68.54:3030

press ctrl+c to exit the preview

± changes
edited mint.json
edited guides/quickstart.mdx
edited guides/primitives/event-log.mdx
edited guides/primitives/materialized-state.mdx
edited guides/primitives/subscriptions.mdx
edited guides/primitives/time-travel.mdx
edited integrations/python-sdk.mdx
edited integrations/node-sdk.mdx
edited integrations/langchain.mdx
edited api-reference/introduction.mdx
edited mint.json
edited openapi.yaml
edited mint.json
edited api-reference/endpoints/get-health.mdx
added api-reference/endpoints/get-health.mdx
added api-reference/endpoints/post-events.mdx
added api-reference/endpoints/get-state-at.mdx
[2K[1A[2K[1A[2K[1A[2K[1A[2K[1A[2K[1A[2K[1A[2K[1A[2K[1A[2K[1A[2K[1A[2K[1A[2K[1A[2K[1A[2K[1A[2K[1A[2K[1A[2K[1A[2K[1A[2K[1A[2K[1A[2K[1A[2K[1A[2K[1A[2K[1A[2K[1A[2K[1A[2K[Gwarning - "GET /state/{entity_type}/{entity_id}/at" is referenced in the docs.json navigation but the file does not exist.
update available - run `mintlify update` to get the latest version

✓ preview ready

  local   → http://localhost:3030
  network → http://192.168.68.54:3030

press ctrl+c to exit the preview

± changes
edited mint.json
edited guides/quickstart.mdx
edited guides/primitives/event-log.mdx
edited guides/primitives/materialized-state.mdx
edited guides/primitives/subscriptions.mdx
edited guides/primitives/time-travel.mdx
edited integrations/python-sdk.mdx
edited integrations/node-sdk.mdx
edited integrations/langchain.mdx
edited api-reference/introduction.mdx
edited mint.json
edited openapi.yaml
edited mint.json
edited api-reference/endpoints/get-health.mdx
added api-reference/endpoints/get-health.mdx
added api-reference/endpoints/post-events.mdx
added api-reference/endpoints/get-state-at.mdx
[2K[1A[2K[1A[2K[1A[2K[1A[2K[1A[2K[1A[2K[1A[2K[1A[2K[1A[2K[1A[2K[1A[2K[1A[2K[1A[2K[1A[2K[1A[2K[1A[2K[1A[2K[1A[2K[1A[2K[1A[2K[1A[2K[1A[2K[1A[2K[1A[2K[1A[2K[1A[2K[1A[2K[Gwarning - "POST /subscriptions" is referenced in the docs.json navigation but the file does not exist.
update available - run `mintlify update` to get the latest version

✓ preview ready

  local   → http://localhost:3030
  network → http://192.168.68.54:3030

press ctrl+c to exit the preview

± changes
edited mint.json
edited guides/quickstart.mdx
edited guides/primitives/event-log.mdx
edited guides/primitives/materialized-state.mdx
edited guides/primitives/subscriptions.mdx
edited guides/primitives/time-travel.mdx
edited integrations/python-sdk.mdx
edited integrations/node-sdk.mdx
edited integrations/langchain.mdx
edited api-reference/introduction.mdx
edited mint.json
edited openapi.yaml
edited mint.json
edited api-reference/endpoints/get-health.mdx
added api-reference/endpoints/get-health.mdx
added api-reference/endpoints/post-events.mdx
added api-reference/endpoints/get-state-at.mdx
[2K[1A[2K[1A[2K[1A[2K[1A[2K[1A[2K[1A[2K[1A[2K[1A[2K[1A[2K[1A[2K[1A[2K[1A[2K[1A[2K[1A[2K[1A[2K[1A[2K[1A[2K[1A[2K[1A[2K[1A[2K[1A[2K[1A[2K[1A[2K[1A[2K[1A[2K[1A[2K[1A[2K[Gwarning - "GET /subscriptions/{subscription_id}" is referenced in the docs.json navigation but the file does not exist.
update available - run `mintlify update` to get the latest version

✓ preview ready

  local   → http://localhost:3030
  network → http://192.168.68.54:3030

press ctrl+c to exit the preview

± changes
edited mint.json
edited guides/quickstart.mdx
edited guides/primitives/event-log.mdx
edited guides/primitives/materialized-state.mdx
edited guides/primitives/subscriptions.mdx
edited guides/primitives/time-travel.mdx
edited integrations/python-sdk.mdx
edited integrations/node-sdk.mdx
edited integrations/langchain.mdx
edited api-reference/introduction.mdx
edited mint.json
edited openapi.yaml
edited mint.json
edited api-reference/endpoints/get-health.mdx
added api-reference/endpoints/get-health.mdx
added api-reference/endpoints/post-events.mdx
added api-reference/endpoints/get-state-at.mdx
[2K[1A[2K[1A[2K[1A[2K[1A[2K[1A[2K[1A[2K[1A[2K[1A[2K[1A[2K[1A[2K[1A[2K[1A[2K[1A[2K[1A[2K[1A[2K[1A[2K[1A[2K[1A[2K[1A[2K[1A[2K[1A[2K[1A[2K[1A[2K[1A[2K[1A[2K[1A[2K[1A[2K[Gwarning - "POST /subscriptions/{subscription_id}/pause" is referenced in the docs.json navigation but the file does not exist.
update available - run `mintlify update` to get the latest version

✓ preview ready

  local   → http://localhost:3030
  network → http://192.168.68.54:3030

press ctrl+c to exit the preview

± changes
edited mint.json
edited guides/quickstart.mdx
edited guides/primitives/event-log.mdx
edited guides/primitives/materialized-state.mdx
edited guides/primitives/subscriptions.mdx
edited guides/primitives/time-travel.mdx
edited integrations/python-sdk.mdx
edited integrations/node-sdk.mdx
edited integrations/langchain.mdx
edited api-reference/introduction.mdx
edited mint.json
edited openapi.yaml
edited mint.json
edited api-reference/endpoints/get-health.mdx
added api-reference/endpoints/get-health.mdx
added api-reference/endpoints/post-events.mdx
added api-reference/endpoints/get-state-at.mdx
[2K[1A[2K[1A[2K[1A[2K[1A[2K[1A[2K[1A[2K[1A[2K[1A[2K[1A[2K[1A[2K[1A[2K[1A[2K[1A[2K[1A[2K[1A[2K[1A[2K[1A[2K[1A[2K[1A[2K[1A[2K[1A[2K[1A[2K[1A[2K[1A[2K[1A[2K[1A[2K[1A[2K[Gwarning - "POST /subscriptions/{subscription_id}/resume" is referenced in the docs.json navigation but the file does not exist.
update available - run `mintlify update` to get the latest version

✓ preview ready

  local   → http://localhost:3030
  network → http://192.168.68.54:3030

press ctrl+c to exit the preview

± changes
edited mint.json
edited guides/quickstart.mdx
edited guides/primitives/event-log.mdx
edited guides/primitives/materialized-state.mdx
edited guides/primitives/subscriptions.mdx
edited guides/primitives/time-travel.mdx
edited integrations/python-sdk.mdx
edited integrations/node-sdk.mdx
edited integrations/langchain.mdx
edited api-reference/introduction.mdx
edited mint.json
edited openapi.yaml
edited mint.json
edited api-reference/endpoints/get-health.mdx
added api-reference/endpoints/get-health.mdx
added api-reference/endpoints/post-events.mdx
added api-reference/endpoints/get-state-at.mdx
[2K[1A[2K[1A[2K[1A[2K[1A[2K[1A[2K[1A[2K[1A[2K[1A[2K[1A[2K[1A[2K[1A[2K[1A[2K[1A[2K[1A[2K[1A[2K[1A[2K[1A[2K[1A[2K[1A[2K[1A[2K[1A[2K[1A[2K[1A[2K[1A[2K[1A[2K[1A[2K[1A[2K[Gwarning - "GET /delivery-trace/{subscription_id}" is referenced in the docs.json navigation but the file does not exist.
update available - run `mintlify update` to get the latest version

✓ preview ready

  local   → http://localhost:3030
  network → http://192.168.68.54:3030

press ctrl+c to exit the preview

± changes
edited mint.json
edited guides/quickstart.mdx
edited guides/primitives/event-log.mdx
edited guides/primitives/materialized-state.mdx
edited guides/primitives/subscriptions.mdx
edited guides/primitives/time-travel.mdx
edited integrations/python-sdk.mdx
edited integrations/node-sdk.mdx
edited integrations/langchain.mdx
edited api-reference/introduction.mdx
edited mint.json
edited openapi.yaml
edited mint.json
edited api-reference/endpoints/get-health.mdx
added api-reference/endpoints/get-health.mdx
added api-reference/endpoints/post-events.mdx
added api-reference/endpoints/get-state-at.mdx
[2K[1A[2K[1A[2K[1A[2K[1A[2K[1A[2K[1A[2K[1A[2K[1A[2K[1A[2K[1A[2K[1A[2K[1A[2K[1A[2K[1A[2K[1A[2K[1A[2K[1A[2K[1A[2K[1A[2K[1A[2K[1A[2K[1A[2K[1A[2K[1A[2K[1A[2K[1A[2K[1A[2K[Gwarning - "POST /replay" is referenced in the docs.json navigation but the file does not exist.
update available - run `mintlify update` to get the latest version

✓ preview ready

  local   → http://localhost:3030
  network → http://192.168.68.54:3030

press ctrl+c to exit the preview

± changes
edited mint.json
edited guides/quickstart.mdx
edited guides/primitives/event-log.mdx
edited guides/primitives/materialized-state.mdx
edited guides/primitives/subscriptions.mdx
edited guides/primitives/time-travel.mdx
edited integrations/python-sdk.mdx
edited integrations/node-sdk.mdx
edited integrations/langchain.mdx
edited api-reference/introduction.mdx
edited mint.json
edited openapi.yaml
edited mint.json
edited api-reference/endpoints/get-health.mdx
added api-reference/endpoints/get-health.mdx
added api-reference/endpoints/post-events.mdx
added api-reference/endpoints/get-state-at.mdx
[2K[1A[2K[1A[2K[1A[2K[1A[2K[1A[2K[1A[2K[1A[2K[1A[2K[1A[2K[1A[2K[1A[2K[1A[2K[1A[2K[1A[2K[1A[2K[1A[2K[1A[2K[1A[2K[1A[2K[1A[2K[1A[2K[1A[2K[1A[2K[1A[2K[1A[2K[1A[2K[1A[2K[Gwarning - "GET /analytics/account-daily" is referenced in the docs.json navigation but the file does not exist.
update available - run `mintlify update` to get the latest version

✓ preview ready

  local   → http://localhost:3030
  network → http://192.168.68.54:3030

press ctrl+c to exit the preview

± changes
edited mint.json
edited guides/quickstart.mdx
edited guides/primitives/event-log.mdx
edited guides/primitives/materialized-state.mdx
edited guides/primitives/subscriptions.mdx
edited guides/primitives/time-travel.mdx
edited integrations/python-sdk.mdx
edited integrations/node-sdk.mdx
edited integrations/langchain.mdx
edited api-reference/introduction.mdx
edited mint.json
edited openapi.yaml
edited mint.json
edited api-reference/endpoints/get-health.mdx
added api-reference/endpoints/get-health.mdx
added api-reference/endpoints/post-events.mdx
added api-reference/endpoints/get-state-at.mdx
[2K[1A[2K[1A[2K[1A[2K[1A[2K[1A[2K[1A[2K[1A[2K[1A[2K[1A[2K[1A[2K[1A[2K[1A[2K[1A[2K[1A[2K[1A[2K[1A[2K[1A[2K[1A[2K[1A[2K[1A[2K[1A[2K[1A[2K[1A[2K[1A[2K[1A[2K[1A[2K[1A[2K[Gwarning - Error validating OpenAPI file /mint.json: Error: Failed to validate OpenAPI schema:Unknown path: Can’t find supported Swagger/OpenAPI version in specification, version must be a string.
update available - run `mintlify update` to get the latest version

✓ preview ready

  local   → http://localhost:3030
  network → http://192.168.68.54:3030

press ctrl+c to exit the preview

± changes
edited mint.json
edited guides/quickstart.mdx
edited guides/primitives/event-log.mdx
edited guides/primitives/materialized-state.mdx
edited guides/primitives/subscriptions.mdx
edited guides/primitives/time-travel.mdx
edited integrations/python-sdk.mdx
edited integrations/node-sdk.mdx
edited integrations/langchain.mdx
edited api-reference/introduction.mdx
edited mint.json
edited openapi.yaml
edited mint.json
edited api-reference/endpoints/get-health.mdx
added api-reference/endpoints/get-health.mdx
added api-reference/endpoints/post-events.mdx
added api-reference/endpoints/get-state-at.mdx
[2K[1A[2K[1A[2K[1A[2K[1A[2K[1A[2K[1A[2K[1A[2K[1A[2K[1A[2K[1A[2K[1A[2K[1A[2K[1A[2K[1A[2K[1A[2K[1A[2K[1A[2K[1A[2K[1A[2K[1A[2K[1A[2K[1A[2K[1A[2K[1A[2K[1A[2K[1A[2K[1A[2K[Gupdate available - run `mintlify update` to get the latest version

✓ preview ready

  local   → http://localhost:3030
  network → http://192.168.68.54:3030

press ctrl+c to exit the preview

± changes
edited mint.json
edited guides/quickstart.mdx
edited guides/primitives/event-log.mdx
edited guides/primitives/materialized-state.mdx
edited guides/primitives/subscriptions.mdx
edited guides/primitives/time-travel.mdx
edited integrations/python-sdk.mdx
edited integrations/node-sdk.mdx
edited integrations/langchain.mdx
edited api-reference/introduction.mdx
edited mint.json
edited openapi.yaml
edited mint.json
edited api-reference/endpoints/get-health.mdx
added api-reference/endpoints/get-health.mdx
added api-reference/endpoints/post-events.mdx
added api-reference/endpoints/get-state-at.mdx
added api-reference/endpoints/post-replay.mdx
added api-reference/endpoints/resume-subscription.mdx
added api-reference/endpoints/get-analytics.mdx
added api-reference/endpoints/get-events.mdx
added api-reference/endpoints/get-subscription.mdx
added api-reference/endpoints/get-state.mdx
added api-reference/endpoints/pause-subscription.mdx
added api-reference/endpoints/get-delivery-trace.mdx
[2K[1A[2K[1A[2K[1A[2K[1A[2K[1A[2K[1A[2K[1A[2K[1A[2K[1A[2K[1A[2K[1A[2K[1A[2K[1A[2K[1A[2K[1A[2K[1A[2K[1A[2K[1A[2K[1A[2K[1A[2K[1A[2K[1A[2K[1A[2K[1A[2K[1A[2K[1A[2K[1A[2K[1A[2K[1A[2K[1A[2K[1A[2K[1A[2K[1A[2K[1A[2K[1A[2K[Gwarning - "GET /health" is referenced in the docs.json navigation but the file does not exist.
update available - run `mintlify update` to get the latest version

✓ preview ready

  local   → http://localhost:3030
  network → http://192.168.68.54:3030

press ctrl+c to exit the preview

± changes
edited mint.json
edited guides/quickstart.mdx
edited guides/primitives/event-log.mdx
edited guides/primitives/materialized-state.mdx
edited guides/primitives/subscriptions.mdx
edited guides/primitives/time-travel.mdx
edited integrations/python-sdk.mdx
edited integrations/node-sdk.mdx
edited integrations/langchain.mdx
edited api-reference/introduction.mdx
edited mint.json
edited openapi.yaml
edited mint.json
edited api-reference/endpoints/get-health.mdx
added api-reference/endpoints/get-health.mdx
added api-reference/endpoints/post-events.mdx
added api-reference/endpoints/get-state-at.mdx
added api-reference/endpoints/post-replay.mdx
added api-reference/endpoints/resume-subscription.mdx
added api-reference/endpoints/get-analytics.mdx
added api-reference/endpoints/get-events.mdx
added api-reference/endpoints/get-subscription.mdx
added api-reference/endpoints/get-state.mdx
added api-reference/endpoints/pause-subscription.mdx
added api-reference/endpoints/get-delivery-trace.mdx
[2K[1A[2K[1A[2K[1A[2K[1A[2K[1A[2K[1A[2K[1A[2K[1A[2K[1A[2K[1A[2K[1A[2K[1A[2K[1A[2K[1A[2K[1A[2K[1A[2K[1A[2K[1A[2K[1A[2K[1A[2K[1A[2K[1A[2K[1A[2K[1A[2K[1A[2K[1A[2K[1A[2K[1A[2K[1A[2K[1A[2K[1A[2K[1A[2K[1A[2K[1A[2K[1A[2K[Gwarning - "POST /events" is referenced in the docs.json navigation but the file does not exist.
update available - run `mintlify update` to get the latest version

✓ preview ready

  local   → http://localhost:3030
  network → http://192.168.68.54:3030

press ctrl+c to exit the preview

± changes
edited mint.json
edited guides/quickstart.mdx
edited guides/primitives/event-log.mdx
edited guides/primitives/materialized-state.mdx
edited guides/primitives/subscriptions.mdx
edited guides/primitives/time-travel.mdx
edited integrations/python-sdk.mdx
edited integrations/node-sdk.mdx
edited integrations/langchain.mdx
edited api-reference/introduction.mdx
edited mint.json
edited openapi.yaml
edited mint.json
edited api-reference/endpoints/get-health.mdx
added api-reference/endpoints/get-health.mdx
added api-reference/endpoints/post-events.mdx
added api-reference/endpoints/get-state-at.mdx
added api-reference/endpoints/post-replay.mdx
added api-reference/endpoints/resume-subscription.mdx
added api-reference/endpoints/get-analytics.mdx
added api-reference/endpoints/get-events.mdx
added api-reference/endpoints/get-subscription.mdx
added api-reference/endpoints/get-state.mdx
added api-reference/endpoints/pause-subscription.mdx
added api-reference/endpoints/get-delivery-trace.mdx
[2K[1A[2K[1A[2K[1A[2K[1A[2K[1A[2K[1A[2K[1A[2K[1A[2K[1A[2K[1A[2K[1A[2K[1A[2K[1A[2K[1A[2K[1A[2K[1A[2K[1A[2K[1A[2K[1A[2K[1A[2K[1A[2K[1A[2K[1A[2K[1A[2K[1A[2K[1A[2K[1A[2K[1A[2K[1A[2K[1A[2K[1A[2K[1A[2K[1A[2K[1A[2K[1A[2K[Gwarning - "GET /events" is referenced in the docs.json navigation but the file does not exist.
update available - run `mintlify update` to get the latest version

✓ preview ready

  local   → http://localhost:3030
  network → http://192.168.68.54:3030

press ctrl+c to exit the preview

± changes
edited mint.json
edited guides/quickstart.mdx
edited guides/primitives/event-log.mdx
edited guides/primitives/materialized-state.mdx
edited guides/primitives/subscriptions.mdx
edited guides/primitives/time-travel.mdx
edited integrations/python-sdk.mdx
edited integrations/node-sdk.mdx
edited integrations/langchain.mdx
edited api-reference/introduction.mdx
edited mint.json
edited openapi.yaml
edited mint.json
edited api-reference/endpoints/get-health.mdx
added api-reference/endpoints/get-health.mdx
added api-reference/endpoints/post-events.mdx
added api-reference/endpoints/get-state-at.mdx
added api-reference/endpoints/post-replay.mdx
added api-reference/endpoints/resume-subscription.mdx
added api-reference/endpoints/get-analytics.mdx
added api-reference/endpoints/get-events.mdx
added api-reference/endpoints/get-subscription.mdx
added api-reference/endpoints/get-state.mdx
added api-reference/endpoints/pause-subscription.mdx
added api-reference/endpoints/get-delivery-trace.mdx
[2K[1A[2K[1A[2K[1A[2K[1A[2K[1A[2K[1A[2K[1A[2K[1A[2K[1A[2K[1A[2K[1A[2K[1A[2K[1A[2K[1A[2K[1A[2K[1A[2K[1A[2K[1A[2K[1A[2K[1A[2K[1A[2K[1A[2K[1A[2K[1A[2K[1A[2K[1A[2K[1A[2K[1A[2K[1A[2K[1A[2K[1A[2K[1A[2K[1A[2K[1A[2K[1A[2K[Gwarning - "GET /state/{entity_type}/{entity_id}" is referenced in the docs.json navigation but the file does not exist.
update available - run `mintlify update` to get the latest version

✓ preview ready

  local   → http://localhost:3030
  network → http://192.168.68.54:3030

press ctrl+c to exit the preview

± changes
edited mint.json
edited guides/quickstart.mdx
edited guides/primitives/event-log.mdx
edited guides/primitives/materialized-state.mdx
edited guides/primitives/subscriptions.mdx
edited guides/primitives/time-travel.mdx
edited integrations/python-sdk.mdx
edited integrations/node-sdk.mdx
edited integrations/langchain.mdx
edited api-reference/introduction.mdx
edited mint.json
edited openapi.yaml
edited mint.json
edited api-reference/endpoints/get-health.mdx
added api-reference/endpoints/get-health.mdx
added api-reference/endpoints/post-events.mdx
added api-reference/endpoints/get-state-at.mdx
added api-reference/endpoints/post-replay.mdx
added api-reference/endpoints/resume-subscription.mdx
added api-reference/endpoints/get-analytics.mdx
added api-reference/endpoints/get-events.mdx
added api-reference/endpoints/get-subscription.mdx
added api-reference/endpoints/get-state.mdx
added api-reference/endpoints/pause-subscription.mdx
added api-reference/endpoints/get-delivery-trace.mdx
[2K[1A[2K[1A[2K[1A[2K[1A[2K[1A[2K[1A[2K[1A[2K[1A[2K[1A[2K[1A[2K[1A[2K[1A[2K[1A[2K[1A[2K[1A[2K[1A[2K[1A[2K[1A[2K[1A[2K[1A[2K[1A[2K[1A[2K[1A[2K[1A[2K[1A[2K[1A[2K[1A[2K[1A[2K[1A[2K[1A[2K[1A[2K[1A[2K[1A[2K[1A[2K[1A[2K[Gwarning - "GET /state/{entity_type}/{entity_id}/at" is referenced in the docs.json navigation but the file does not exist.
update available - run `mintlify update` to get the latest version

✓ preview ready

  local   → http://localhost:3030
  network → http://192.168.68.54:3030

press ctrl+c to exit the preview

± changes
edited mint.json
edited guides/quickstart.mdx
edited guides/primitives/event-log.mdx
edited guides/primitives/materialized-state.mdx
edited guides/primitives/subscriptions.mdx
edited guides/primitives/time-travel.mdx
edited integrations/python-sdk.mdx
edited integrations/node-sdk.mdx
edited integrations/langchain.mdx
edited api-reference/introduction.mdx
edited mint.json
edited openapi.yaml
edited mint.json
edited api-reference/endpoints/get-health.mdx
added api-reference/endpoints/get-health.mdx
added api-reference/endpoints/post-events.mdx
added api-reference/endpoints/get-state-at.mdx
added api-reference/endpoints/post-replay.mdx
added api-reference/endpoints/resume-subscription.mdx
added api-reference/endpoints/get-analytics.mdx
added api-reference/endpoints/get-events.mdx
added api-reference/endpoints/get-subscription.mdx
added api-reference/endpoints/get-state.mdx
added api-reference/endpoints/pause-subscription.mdx
added api-reference/endpoints/get-delivery-trace.mdx
[2K[1A[2K[1A[2K[1A[2K[1A[2K[1A[2K[1A[2K[1A[2K[1A[2K[1A[2K[1A[2K[1A[2K[1A[2K[1A[2K[1A[2K[1A[2K[1A[2K[1A[2K[1A[2K[1A[2K[1A[2K[1A[2K[1A[2K[1A[2K[1A[2K[1A[2K[1A[2K[1A[2K[1A[2K[1A[2K[1A[2K[1A[2K[1A[2K[1A[2K[1A[2K[1A[2K[Gwarning - "POST /subscriptions" is referenced in the docs.json navigation but the file does not exist.
update available - run `mintlify update` to get the latest version

✓ preview ready

  local   → http://localhost:3030
  network → http://192.168.68.54:3030

press ctrl+c to exit the preview

± changes
edited mint.json
edited guides/quickstart.mdx
edited guides/primitives/event-log.mdx
edited guides/primitives/materialized-state.mdx
edited guides/primitives/subscriptions.mdx
edited guides/primitives/time-travel.mdx
edited integrations/python-sdk.mdx
edited integrations/node-sdk.mdx
edited integrations/langchain.mdx
edited api-reference/introduction.mdx
edited mint.json
edited openapi.yaml
edited mint.json
edited api-reference/endpoints/get-health.mdx
added api-reference/endpoints/get-health.mdx
added api-reference/endpoints/post-events.mdx
added api-reference/endpoints/get-state-at.mdx
added api-reference/endpoints/post-replay.mdx
added api-reference/endpoints/resume-subscription.mdx
added api-reference/endpoints/get-analytics.mdx
added api-reference/endpoints/get-events.mdx
added api-reference/endpoints/get-subscription.mdx
added api-reference/endpoints/get-state.mdx
added api-reference/endpoints/pause-subscription.mdx
added api-reference/endpoints/get-delivery-trace.mdx
[2K[1A[2K[1A[2K[1A[2K[1A[2K[1A[2K[1A[2K[1A[2K[1A[2K[1A[2K[1A[2K[1A[2K[1A[2K[1A[2K[1A[2K[1A[2K[1A[2K[1A[2K[1A[2K[1A[2K[1A[2K[1A[2K[1A[2K[1A[2K[1A[2K[1A[2K[1A[2K[1A[2K[1A[2K[1A[2K[1A[2K[1A[2K[1A[2K[1A[2K[1A[2K[1A[2K[Gwarning - "GET /subscriptions/{subscription_id}" is referenced in the docs.json navigation but the file does not exist.
update available - run `mintlify update` to get the latest version

✓ preview ready

  local   → http://localhost:3030
  network → http://192.168.68.54:3030

press ctrl+c to exit the preview

± changes
edited mint.json
edited guides/quickstart.mdx
edited guides/primitives/event-log.mdx
edited guides/primitives/materialized-state.mdx
edited guides/primitives/subscriptions.mdx
edited guides/primitives/time-travel.mdx
edited integrations/python-sdk.mdx
edited integrations/node-sdk.mdx
edited integrations/langchain.mdx
edited api-reference/introduction.mdx
edited mint.json
edited openapi.yaml
edited mint.json
edited api-reference/endpoints/get-health.mdx
added api-reference/endpoints/get-health.mdx
added api-reference/endpoints/post-events.mdx
added api-reference/endpoints/get-state-at.mdx
added api-reference/endpoints/post-replay.mdx
added api-reference/endpoints/resume-subscription.mdx
added api-reference/endpoints/get-analytics.mdx
added api-reference/endpoints/get-events.mdx
added api-reference/endpoints/get-subscription.mdx
added api-reference/endpoints/get-state.mdx
added api-reference/endpoints/pause-subscription.mdx
added api-reference/endpoints/get-delivery-trace.mdx
[2K[1A[2K[1A[2K[1A[2K[1A[2K[1A[2K[1A[2K[1A[2K[1A[2K[1A[2K[1A[2K[1A[2K[1A[2K[1A[2K[1A[2K[1A[2K[1A[2K[1A[2K[1A[2K[1A[2K[1A[2K[1A[2K[1A[2K[1A[2K[1A[2K[1A[2K[1A[2K[1A[2K[1A[2K[1A[2K[1A[2K[1A[2K[1A[2K[1A[2K[1A[2K[1A[2K[Gwarning - "POST /subscriptions/{subscription_id}/pause" is referenced in the docs.json navigation but the file does not exist.
update available - run `mintlify update` to get the latest version

✓ preview ready

  local   → http://localhost:3030
  network → http://192.168.68.54:3030

press ctrl+c to exit the preview

± changes
edited mint.json
edited guides/quickstart.mdx
edited guides/primitives/event-log.mdx
edited guides/primitives/materialized-state.mdx
edited guides/primitives/subscriptions.mdx
edited guides/primitives/time-travel.mdx
edited integrations/python-sdk.mdx
edited integrations/node-sdk.mdx
edited integrations/langchain.mdx
edited api-reference/introduction.mdx
edited mint.json
edited openapi.yaml
edited mint.json
edited api-reference/endpoints/get-health.mdx
added api-reference/endpoints/get-health.mdx
added api-reference/endpoints/post-events.mdx
added api-reference/endpoints/get-state-at.mdx
added api-reference/endpoints/post-replay.mdx
added api-reference/endpoints/resume-subscription.mdx
added api-reference/endpoints/get-analytics.mdx
added api-reference/endpoints/get-events.mdx
added api-reference/endpoints/get-subscription.mdx
added api-reference/endpoints/get-state.mdx
added api-reference/endpoints/pause-subscription.mdx
added api-reference/endpoints/get-delivery-trace.mdx
[2K[1A[2K[1A[2K[1A[2K[1A[2K[1A[2K[1A[2K[1A[2K[1A[2K[1A[2K[1A[2K[1A[2K[1A[2K[1A[2K[1A[2K[1A[2K[1A[2K[1A[2K[1A[2K[1A[2K[1A[2K[1A[2K[1A[2K[1A[2K[1A[2K[1A[2K[1A[2K[1A[2K[1A[2K[1A[2K[1A[2K[1A[2K[1A[2K[1A[2K[1A[2K[1A[2K[Gwarning - "POST /subscriptions/{subscription_id}/resume" is referenced in the docs.json navigation but the file does not exist.
update available - run `mintlify update` to get the latest version

✓ preview ready

  local   → http://localhost:3030
  network → http://192.168.68.54:3030

press ctrl+c to exit the preview

± changes
edited mint.json
edited guides/quickstart.mdx
edited guides/primitives/event-log.mdx
edited guides/primitives/materialized-state.mdx
edited guides/primitives/subscriptions.mdx
edited guides/primitives/time-travel.mdx
edited integrations/python-sdk.mdx
edited integrations/node-sdk.mdx
edited integrations/langchain.mdx
edited api-reference/introduction.mdx
edited mint.json
edited openapi.yaml
edited mint.json
edited api-reference/endpoints/get-health.mdx
added api-reference/endpoints/get-health.mdx
added api-reference/endpoints/post-events.mdx
added api-reference/endpoints/get-state-at.mdx
added api-reference/endpoints/post-replay.mdx
added api-reference/endpoints/resume-subscription.mdx
added api-reference/endpoints/get-analytics.mdx
added api-reference/endpoints/get-events.mdx
added api-reference/endpoints/get-subscription.mdx
added api-reference/endpoints/get-state.mdx
added api-reference/endpoints/pause-subscription.mdx
added api-reference/endpoints/get-delivery-trace.mdx
[2K[1A[2K[1A[2K[1A[2K[1A[2K[1A[2K[1A[2K[1A[2K[1A[2K[1A[2K[1A[2K[1A[2K[1A[2K[1A[2K[1A[2K[1A[2K[1A[2K[1A[2K[1A[2K[1A[2K[1A[2K[1A[2K[1A[2K[1A[2K[1A[2K[1A[2K[1A[2K[1A[2K[1A[2K[1A[2K[1A[2K[1A[2K[1A[2K[1A[2K[1A[2K[1A[2K[Gwarning - "GET /delivery-trace/{subscription_id}" is referenced in the docs.json navigation but the file does not exist.
update available - run `mintlify update` to get the latest version

✓ preview ready

  local   → http://localhost:3030
  network → http://192.168.68.54:3030

press ctrl+c to exit the preview

± changes
edited mint.json
edited guides/quickstart.mdx
edited guides/primitives/event-log.mdx
edited guides/primitives/materialized-state.mdx
edited guides/primitives/subscriptions.mdx
edited guides/primitives/time-travel.mdx
edited integrations/python-sdk.mdx
edited integrations/node-sdk.mdx
edited integrations/langchain.mdx
edited api-reference/introduction.mdx
edited mint.json
edited openapi.yaml
edited mint.json
edited api-reference/endpoints/get-health.mdx
added api-reference/endpoints/get-health.mdx
added api-reference/endpoints/post-events.mdx
added api-reference/endpoints/get-state-at.mdx
added api-reference/endpoints/post-replay.mdx
added api-reference/endpoints/resume-subscription.mdx
added api-reference/endpoints/get-analytics.mdx
added api-reference/endpoints/get-events.mdx
added api-reference/endpoints/get-subscription.mdx
added api-reference/endpoints/get-state.mdx
added api-reference/endpoints/pause-subscription.mdx
added api-reference/endpoints/get-delivery-trace.mdx
[2K[1A[2K[1A[2K[1A[2K[1A[2K[1A[2K[1A[2K[1A[2K[1A[2K[1A[2K[1A[2K[1A[2K[1A[2K[1A[2K[1A[2K[1A[2K[1A[2K[1A[2K[1A[2K[1A[2K[1A[2K[1A[2K[1A[2K[1A[2K[1A[2K[1A[2K[1A[2K[1A[2K[1A[2K[1A[2K[1A[2K[1A[2K[1A[2K[1A[2K[1A[2K[1A[2K[Gwarning - "POST /replay" is referenced in the docs.json navigation but the file does not exist.
update available - run `mintlify update` to get the latest version

✓ preview ready

  local   → http://localhost:3030
  network → http://192.168.68.54:3030

press ctrl+c to exit the preview

± changes
edited mint.json
edited guides/quickstart.mdx
edited guides/primitives/event-log.mdx
edited guides/primitives/materialized-state.mdx
edited guides/primitives/subscriptions.mdx
edited guides/primitives/time-travel.mdx
edited integrations/python-sdk.mdx
edited integrations/node-sdk.mdx
edited integrations/langchain.mdx
edited api-reference/introduction.mdx
edited mint.json
edited openapi.yaml
edited mint.json
edited api-reference/endpoints/get-health.mdx
added api-reference/endpoints/get-health.mdx
added api-reference/endpoints/post-events.mdx
added api-reference/endpoints/get-state-at.mdx
added api-reference/endpoints/post-replay.mdx
added api-reference/endpoints/resume-subscription.mdx
added api-reference/endpoints/get-analytics.mdx
added api-reference/endpoints/get-events.mdx
added api-reference/endpoints/get-subscription.mdx
added api-reference/endpoints/get-state.mdx
added api-reference/endpoints/pause-subscription.mdx
added api-reference/endpoints/get-delivery-trace.mdx
[2K[1A[2K[1A[2K[1A[2K[1A[2K[1A[2K[1A[2K[1A[2K[1A[2K[1A[2K[1A[2K[1A[2K[1A[2K[1A[2K[1A[2K[1A[2K[1A[2K[1A[2K[1A[2K[1A[2K[1A[2K[1A[2K[1A[2K[1A[2K[1A[2K[1A[2K[1A[2K[1A[2K[1A[2K[1A[2K[1A[2K[1A[2K[1A[2K[1A[2K[1A[2K[1A[2K[Gwarning - "GET /analytics/account-daily" is referenced in the docs.json navigation but the file does not exist.
update available - run `mintlify update` to get the latest version

✓ preview ready

  local   → http://localhost:3030
  network → http://192.168.68.54:3030

press ctrl+c to exit the preview

± changes
edited mint.json
edited guides/quickstart.mdx
edited guides/primitives/event-log.mdx
edited guides/primitives/materialized-state.mdx
edited guides/primitives/subscriptions.mdx
edited guides/primitives/time-travel.mdx
edited integrations/python-sdk.mdx
edited integrations/node-sdk.mdx
edited integrations/langchain.mdx
edited api-reference/introduction.mdx
edited mint.json
edited openapi.yaml
edited mint.json
edited api-reference/endpoints/get-health.mdx
added api-reference/endpoints/get-health.mdx
added api-reference/endpoints/post-events.mdx
added api-reference/endpoints/get-state-at.mdx
added api-reference/endpoints/post-replay.mdx
added api-reference/endpoints/resume-subscription.mdx
added api-reference/endpoints/get-analytics.mdx
added api-reference/endpoints/get-events.mdx
added api-reference/endpoints/get-subscription.mdx
added api-reference/endpoints/get-state.mdx
added api-reference/endpoints/pause-subscription.mdx
added api-reference/endpoints/get-delivery-trace.mdx
[2K[1A[2K[1A[2K[1A[2K[1A[2K[1A[2K[1A[2K[1A[2K[1A[2K[1A[2K[1A[2K[1A[2K[1A[2K[1A[2K[1A[2K[1A[2K[1A[2K[1A[2K[1A[2K[1A[2K[1A[2K[1A[2K[1A[2K[1A[2K[1A[2K[1A[2K[1A[2K[1A[2K[1A[2K[1A[2K[1A[2K[1A[2K[1A[2K[1A[2K[1A[2K[1A[2K[G ⨯ SyntaxError: Unexpected end of JSON input
    at JSON.parse (<anonymous>)
    at t (.next/server/chunks/358.js:1:19733)
    at async m (.next/server/chunks/358.js:1:17981) {
  digest: '2291164020'
}
update available - run `mintlify update` to get the latest version

✓ preview ready

  local   → http://localhost:3030
  network → http://192.168.68.54:3030

press ctrl+c to exit the preview

± changes
edited mint.json
edited guides/quickstart.mdx
edited guides/primitives/event-log.mdx
edited guides/primitives/materialized-state.mdx
edited guides/primitives/subscriptions.mdx
edited guides/primitives/time-travel.mdx
edited integrations/python-sdk.mdx
edited integrations/node-sdk.mdx
edited integrations/langchain.mdx
edited api-reference/introduction.mdx
edited mint.json
edited openapi.yaml
edited mint.json
edited api-reference/endpoints/get-health.mdx
added api-reference/endpoints/get-health.mdx
added api-reference/endpoints/post-events.mdx
added api-reference/endpoints/get-state-at.mdx
added api-reference/endpoints/post-replay.mdx
added api-reference/endpoints/resume-subscription.mdx
added api-reference/endpoints/get-analytics.mdx
added api-reference/endpoints/get-events.mdx
added api-reference/endpoints/get-subscription.mdx
added api-reference/endpoints/get-state.mdx
added api-reference/endpoints/pause-subscription.mdx
added api-reference/endpoints/get-delivery-trace.mdx
[2K[1A[2K[1A[2K[1A[2K[1A[2K[1A[2K[1A[2K[1A[2K[1A[2K[1A[2K[1A[2K[1A[2K[1A[2K[1A[2K[1A[2K[1A[2K[1A[2K[1A[2K[1A[2K[1A[2K[1A[2K[1A[2K[1A[2K[1A[2K[1A[2K[1A[2K[1A[2K[1A[2K[1A[2K[1A[2K[1A[2K[1A[2K[1A[2K[1A[2K[1A[2K[1A[2K[Gupdate available - run `mintlify update` to get the latest version

✓ preview ready

  local   → http://localhost:3030
  network → http://192.168.68.54:3030

press ctrl+c to exit the preview

± changes
edited mint.json
edited guides/quickstart.mdx
edited guides/primitives/event-log.mdx
edited guides/primitives/materialized-state.mdx
edited guides/primitives/subscriptions.mdx
edited guides/primitives/time-travel.mdx
edited integrations/python-sdk.mdx
edited integrations/node-sdk.mdx
edited integrations/langchain.mdx
edited api-reference/introduction.mdx
edited mint.json
edited openapi.yaml
edited mint.json
edited api-reference/endpoints/get-health.mdx
added api-reference/endpoints/get-health.mdx
added api-reference/endpoints/post-events.mdx
added api-reference/endpoints/get-state-at.mdx
added api-reference/endpoints/post-replay.mdx
added api-reference/endpoints/resume-subscription.mdx
added api-reference/endpoints/get-analytics.mdx
added api-reference/endpoints/get-events.mdx
added api-reference/endpoints/get-subscription.mdx
added api-reference/endpoints/get-state.mdx
added api-reference/endpoints/pause-subscription.mdx
added api-reference/endpoints/get-delivery-trace.mdx
added api-reference/endpoints/post-subscriptions.mdx
[2K[1A[2K[1A[2K[1A[2K[1A[2K[1A[2K[1A[2K[1A[2K[1A[2K[1A[2K[1A[2K[1A[2K[1A[2K[1A[2K[1A[2K[1A[2K[1A[2K[1A[2K[1A[2K[1A[2K[1A[2K[1A[2K[1A[2K[1A[2K[1A[2K[1A[2K[1A[2K[1A[2K[1A[2K[1A[2K[1A[2K[1A[2K[1A[2K[1A[2K[1A[2K[1A[2K[1A[2K[Gwarning - Error validating OpenAPI file /mint.json: Error: Failed to validate OpenAPI schema:Unknown path: Can’t find supported Swagger/OpenAPI version in specification, version must be a string.
update available - run `mintlify update` to get the latest version

✓ preview ready

  local   → http://localhost:3030
  network → http://192.168.68.54:3030

press ctrl+c to exit the preview

± changes
edited mint.json
edited guides/quickstart.mdx
edited guides/primitives/event-log.mdx
edited guides/primitives/materialized-state.mdx
edited guides/primitives/subscriptions.mdx
edited guides/primitives/time-travel.mdx
edited integrations/python-sdk.mdx
edited integrations/node-sdk.mdx
edited integrations/langchain.mdx
edited api-reference/introduction.mdx
edited mint.json
edited openapi.yaml
edited mint.json
edited api-reference/endpoints/get-health.mdx
added api-reference/endpoints/get-health.mdx
added api-reference/endpoints/post-events.mdx
added api-reference/endpoints/get-state-at.mdx
added api-reference/endpoints/post-replay.mdx
added api-reference/endpoints/resume-subscription.mdx
added api-reference/endpoints/get-analytics.mdx
added api-reference/endpoints/get-events.mdx
added api-reference/endpoints/get-subscription.mdx
added api-reference/endpoints/get-state.mdx
added api-reference/endpoints/pause-subscription.mdx
added api-reference/endpoints/get-delivery-trace.mdx
added api-reference/endpoints/post-subscriptions.mdx
[2K[1A[2K[1A[2K[1A[2K[1A[2K[1A[2K[1A[2K[1A[2K[1A[2K[1A[2K[1A[2K[1A[2K[1A[2K[1A[2K[1A[2K[1A[2K[1A[2K[1A[2K[1A[2K[1A[2K[1A[2K[1A[2K[1A[2K[1A[2K[1A[2K[1A[2K[1A[2K[1A[2K[1A[2K[1A[2K[1A[2K[1A[2K[1A[2K[1A[2K[1A[2K[1A[2K[1A[2K[Gwarning - Error validating OpenAPI file /mint.json: Error: Failed to validate OpenAPI schema:Unknown path: Can’t find supported Swagger/OpenAPI version in specification, version must be a string.
update available - run `mintlify update` to get the latest version

✓ preview ready

  local   → http://localhost:3030
  network → http://192.168.68.54:3030

press ctrl+c to exit the preview

± changes
edited mint.json
edited guides/quickstart.mdx
edited guides/primitives/event-log.mdx
edited guides/primitives/materialized-state.mdx
edited guides/primitives/subscriptions.mdx
edited guides/primitives/time-travel.mdx
edited integrations/python-sdk.mdx
edited integrations/node-sdk.mdx
edited integrations/langchain.mdx
edited api-reference/introduction.mdx
edited mint.json
edited openapi.yaml
edited mint.json
edited api-reference/endpoints/get-health.mdx
added api-reference/endpoints/get-health.mdx
added api-reference/endpoints/post-events.mdx
added api-reference/endpoints/get-state-at.mdx
added api-reference/endpoints/post-replay.mdx
added api-reference/endpoints/resume-subscription.mdx
added api-reference/endpoints/get-analytics.mdx
added api-reference/endpoints/get-events.mdx
added api-reference/endpoints/get-subscription.mdx
added api-reference/endpoints/get-state.mdx
added api-reference/endpoints/pause-subscription.mdx
added api-reference/endpoints/get-delivery-trace.mdx
added api-reference/endpoints/post-subscriptions.mdx
[2K[1A[2K[1A[2K[1A[2K[1A[2K[1A[2K[1A[2K[1A[2K[1A[2K[1A[2K[1A[2K[1A[2K[1A[2K[1A[2K[1A[2K[1A[2K[1A[2K[1A[2K[1A[2K[1A[2K[1A[2K[1A[2K[1A[2K[1A[2K[1A[2K[1A[2K[1A[2K[1A[2K[1A[2K[1A[2K[1A[2K[1A[2K[1A[2K[1A[2K[1A[2K[1A[2K[1A[2K[Gwarning - Error validating OpenAPI file /mint.json: Error: Failed to validate OpenAPI schema:Unknown path: Can’t find supported Swagger/OpenAPI version in specification, version must be a string.
update available - run `mintlify update` to get the latest version

✓ preview ready

  local   → http://localhost:3030
  network → http://192.168.68.54:3030

press ctrl+c to exit the preview

± changes
edited mint.json
edited guides/quickstart.mdx
edited guides/primitives/event-log.mdx
edited guides/primitives/materialized-state.mdx
edited guides/primitives/subscriptions.mdx
edited guides/primitives/time-travel.mdx
edited integrations/python-sdk.mdx
edited integrations/node-sdk.mdx
edited integrations/langchain.mdx
edited api-reference/introduction.mdx
edited mint.json
edited openapi.yaml
edited mint.json
edited api-reference/endpoints/get-health.mdx
added api-reference/endpoints/get-health.mdx
added api-reference/endpoints/post-events.mdx
added api-reference/endpoints/get-state-at.mdx
added api-reference/endpoints/post-replay.mdx
added api-reference/endpoints/resume-subscription.mdx
added api-reference/endpoints/get-analytics.mdx
added api-reference/endpoints/get-events.mdx
added api-reference/endpoints/get-subscription.mdx
added api-reference/endpoints/get-state.mdx
added api-reference/endpoints/pause-subscription.mdx
added api-reference/endpoints/get-delivery-trace.mdx
added api-reference/endpoints/post-subscriptions.mdx
[2K[1A[2K[1A[2K[1A[2K[1A[2K[1A[2K[1A[2K[1A[2K[1A[2K[1A[2K[1A[2K[1A[2K[1A[2K[1A[2K[1A[2K[1A[2K[1A[2K[1A[2K[1A[2K[1A[2K[1A[2K[1A[2K[1A[2K[1A[2K[1A[2K[1A[2K[1A[2K[1A[2K[1A[2K[1A[2K[1A[2K[1A[2K[1A[2K[1A[2K[1A[2K[1A[2K[1A[2K[Gupdate available - run `mintlify update` to get the latest version

✓ preview ready

  local   → http://localhost:3030
  network → http://192.168.68.54:3030

press ctrl+c to exit the preview

± changes
edited mint.json
edited guides/quickstart.mdx
edited guides/primitives/event-log.mdx
edited guides/primitives/materialized-state.mdx
edited guides/primitives/subscriptions.mdx
edited guides/primitives/time-travel.mdx
edited integrations/python-sdk.mdx
edited integrations/node-sdk.mdx
edited integrations/langchain.mdx
edited api-reference/introduction.mdx
edited mint.json
edited openapi.yaml
edited mint.json
edited api-reference/endpoints/get-health.mdx
added api-reference/endpoints/get-health.mdx
added api-reference/endpoints/post-events.mdx
added api-reference/endpoints/get-state-at.mdx
added api-reference/endpoints/post-replay.mdx
added api-reference/endpoints/resume-subscription.mdx
added api-reference/endpoints/get-analytics.mdx
added api-reference/endpoints/get-events.mdx
added api-reference/endpoints/get-subscription.mdx
added api-reference/endpoints/get-state.mdx
added api-reference/endpoints/pause-subscription.mdx
added api-reference/endpoints/get-delivery-trace.mdx
added api-reference/endpoints/post-subscriptions.mdx
edited mint.json
